employee_id,age,gender,department,job_role,job_level,years_at_company,monthly_income,overtime,job_satisfaction,engagement_score,performance_rating,attrition,review_month
EMP0001,52,Male,Sales,Sales Manager,2,2,64500,No,3,72,3.8,No,2026-01
EMP0002,42,Male,Operations,Coordinator,1,0,48500,No,3,72,3.6,No,2026-12
EMP0003,36,Male,Sales,Account Executive,3,5,104500,No,1,82,3.4,No,2026-09
EMP0004,46,Non-binary,Operations,Team Lead,4,8,120000,No,3,91,3.6,No,2026-04
EMP0005,54,Male,Sales,Sales Manager,3,4,89500,Yes,4,89,4.1,No,2026-04
EMP0006,33,Male,Technology,Software Engineer,3,0,95500,No,4,91,4.3,No,2026-09
EMP0007,40,Non-binary,Sales,Account Executive,3,8,98500,No,4,73,4.3,No,2026-01
EMP0008,34,Male,Technology,Data Analyst,2,6,72500,Yes,2,81,3.8,No,2026-05
EMP0009,46,Male,Operations,Coordinator,2,4,76500,Yes,3,67,2.3,No,2026-09
EMP0010,35,Female,Operations,Operations Analyst,3,8,99500,No,4,62,3.6,No,2026-02
EMP0011,44,Non-binary,Technology,Software Engineer,4,7,114500,No,3,96,4.0,No,2026-02
EMP0012,29,Male,Sales,Business Development,1,0,49000,No,4,86,3.4,No,2026-02
EMP0013,52,Male,Finance,Accountant,4,8,135000,No,4,70,3.2,No,2026-04
EMP0014,28,Female,Technology,IT Support,1,0,40000,No,3,54,2.8,Yes,2026-09
EMP0015,58,Non-binary,Technology,Software Engineer,3,4,89500,No,4,81,3.4,No,2026-06
EMP0016,37,Female,Sales,Account Executive,3,5,114500,No,3,71,2.9,No,2026-06
EMP0017,47,Non-binary,Finance,Accountant,3,8,98500,Yes,3,71,3.6,No,2026-08
EMP0018,44,Male,Sales,Account Executive,3,6,104000,No,1,60,2.6,No,2026-05
EMP0019,52,Male,Technology,IT Support,4,5,129500,Yes,3,76,3.5,No,2026-11
EMP0020,53,Male,Operations,Operations Analyst,3,4,111500,No,4,77,4.2,No,2026-08
EMP0021,47,Female,Technology,IT Support,1,3,60000,Yes,3,67,2.6,No,2026-12
EMP0022,48,Male,Sales,Business Development,1,0,44500,Yes,3,78,4.2,No,2026-02
EMP0023,35,Female,Sales,Sales Manager,2,2,74000,Yes,4,91,2.9,Yes,2026-08
EMP0024,28,Non-binary,HR,HR Analyst,2,1,59000,Yes,2,54,4.2,No,2026-02
EMP0025,37,Male,Technology,Data Analyst,1,0,65500,No,3,81,3.8,No,2026-02
EMP0026,33,Male,Technology,IT Support,1,4,58500,No,1,69,3.9,No,2026-07
EMP0027,46,Male,Operations,Coordinator,3,6,94500,Yes,2,47,1.5,No,2026-02
EMP0028,53,Non-binary,Operations,Team Lead,5,5,135500,No,4,80,3.9,No,2026-07
EMP0029,42,Female,Operations,Team Lead,1,7,56500,No,3,82,3.4,No,2026-12
EMP0030,50,Non-binary,HR,Recruiter,3,0,103000,No,3,79,4.7,No,2026-01
EMP0031,32,Male,Sales,Sales Manager,1,2,60500,No,4,77,3.3,No,2026-01
EMP0032,46,Male,HR,Recruiter,2,4,64500,No,3,72,3.8,No,2026-11
EMP0033,47,Female,Technology,Software Engineer,4,7,116500,Yes,3,41,2.6,No,2026-01
EMP0034,56,Female,Technology,Software Engineer,2,7,76000,No,3,83,4.1,No,2026-02
EMP0035,39,Female,Technology,IT Support,5,9,154000,No,2,79,4.2,Yes,2026-09
EMP0036,38,Female,Sales,Account Executive,4,4,130500,No,3,94,3.3,No,2026-01
EMP0037,35,Female,Sales,Account Executive,1,4,48000,No,1,46,3.6,No,2026-08
EMP0038,51,Non-binary,HR,HR Business Partner,5,8,155500,Yes,3,67,3.1,No,2026-07
EMP0039,48,Female,Sales,Business Development,1,1,52000,No,2,72,4.3,No,2026-04
EMP0040,49,Non-binary,Technology,Software Engineer,1,0,33500,No,2,74,3.2,No,2026-09
EMP0041,34,Non-binary,Technology,Software Engineer,4,10,128000,No,3,81,3.8,No,2026-03
EMP0042,56,Female,Operations,Operations Analyst,4,4,115000,Yes,4,64,2.6,No,2026-03
EMP0043,55,Female,Technology,Data Analyst,4,10,137500,No,4,72,3.1,No,2026-10
EMP0044,55,Non-binary,Sales,Business Development,3,3,93000,No,2,70,4.0,No,2026-01
EMP0045,29,Non-binary,Technology,Data Analyst,2,6,74000,Yes,1,40,4.0,Yes,2026-11
EMP0046,25,Non-binary,Technology,Data Analyst,2,4,74000,No,2,59,3.8,No,2026-04
EMP0047,40,Female,Operations,Coordinator,1,1,43000,No,3,69,4.8,No,2026-03
EMP0048,56,Female,HR,Recruiter,2,4,71000,No,3,67,3.5,Yes,2026-07
EMP0049,34,Female,Operations,Operations Analyst,3,7,103500,No,3,72,2.7,No,2026-05
EMP0050,38,Male,Finance,Finance Manager,4,6,127000,Yes,3,77,4.0,No,2026-05
EMP0051,26,Male,Operations,Team Lead,3,5,91500,No,4,67,4.2,No,2026-03
EMP0052,25,Non-binary,Technology,IT Support,2,4,69000,No,2,61,3.0,No,2026-01
EMP0053,44,Non-binary,Technology,Software Engineer,4,11,118500,No,1,54,2.3,Yes,2026-02
EMP0054,30,Male,Technology,Data Analyst,2,5,82000,Yes,2,66,4.2,No,2026-12
EMP0055,47,Non-binary,HR,HR Analyst,2,3,82500,Yes,3,80,3.8,No,2026-07
EMP0056,46,Non-binary,Operations,Team Lead,4,5,123000,No,2,66,3.4,No,2026-09
EMP0057,35,Male,Operations,Operations Analyst,2,7,83000,No,4,80,3.4,No,2026-06
EMP0058,28,Male,Technology,Software Engineer,3,8,95000,No,3,81,2.8,No,2026-11
EMP0059,49,Female,Technology,IT Support,1,5,61500,No,2,75,3.6,No,2026-01
EMP0060,22,Non-binary,Operations,Operations Analyst,1,0,56000,No,3,69,3.5,No,2026-02
EMP0061,34,Non-binary,Operations,Operations Analyst,2,3,66500,No,3,85,1.5,No,2026-08
EMP0062,41,Male,HR,HR Business Partner,5,8,147500,No,3,84,2.5,No,2026-05
EMP0063,38,Non-binary,Technology,Data Analyst,1,2,36500,No,2,62,3.2,No,2026-12
EMP0064,36,Female,Sales,Account Executive,2,9,87500,Yes,2,59,3.6,Yes,2026-03
EMP0065,57,Female,Finance,Accountant,4,9,123000,No,3,95,3.5,No,2026-03
EMP0066,54,Male,Technology,IT Support,2,1,80500,No,4,70,3.5,No,2026-05
EMP0067,27,Male,Operations,Coordinator,5,7,156000,No,3,81,3.5,No,2026-01
EMP0068,34,Female,Technology,IT Support,2,4,81000,No,3,78,3.4,No,2026-04
EMP0069,44,Male,Sales,Account Executive,4,7,118500,Yes,3,86,3.9,No,2026-01
EMP0070,47,Female,Operations,Team Lead,1,0,57000,No,3,71,3.6,No,2026-09
EMP0071,32,Male,Sales,Business Development,4,6,122500,No,2,73,4.3,Yes,2026-06
EMP0072,40,Male,Technology,Data Analyst,3,9,112500,Yes,3,65,2.8,No,2026-10
EMP0073,42,Non-binary,Finance,Accountant,5,5,149500,No,2,70,2.6,No,2026-04
EMP0074,31,Female,Finance,Accountant,1,2,47500,No,2,73,3.3,No,2026-03
EMP0075,55,Male,Sales,Business Development,5,9,147000,Yes,3,65,3.8,No,2026-07
EMP0076,48,Non-binary,Technology,Data Analyst,4,8,123500,No,4,81,4.9,No,2026-12
EMP0077,53,Male,HR,HR Analyst,1,0,51000,No,4,77,4.9,No,2026-11
EMP0078,50,Male,Technology,IT Support,2,5,85500,No,1,75,2.3,No,2026-01
EMP0079,34,Non-binary,Sales,Business Development,1,0,36000,Yes,3,77,4.4,No,2026-05
EMP0080,56,Male,Operations,Operations Analyst,3,4,98500,Yes,2,66,2.7,No,2026-09
EMP0081,55,Female,Sales,Account Executive,1,0,48500,No,3,89,3.2,No,2026-01
EMP0082,35,Female,Operations,Team Lead,3,3,92500,Yes,3,77,2.3,Yes,2026-02
EMP0083,33,Female,Finance,Accountant,1,0,47500,No,4,93,3.0,No,2026-03
EMP0084,39,Male,Sales,Account Executive,2,7,78000,Yes,3,76,2.8,No,2026-03
EMP0085,28,Non-binary,Operations,Operations Analyst,1,4,50000,No,3,79,2.8,No,2026-09
EMP0086,52,Female,Finance,Accountant,1,0,44500,No,4,88,3.9,No,2026-09
EMP0087,32,Non-binary,Finance,Finance Manager,1,2,43500,No,3,81,3.6,No,2026-05
EMP0088,50,Female,Sales,Account Executive,2,4,74000,No,3,73,4.3,No,2026-12
EMP0089,26,Non-binary,Sales,Account Executive,3,6,105500,No,1,51,3.1,No,2026-12
EMP0090,58,Female,Sales,Sales Manager,1,0,56500,Yes,4,79,3.6,No,2026-12
EMP0091,37,Non-binary,Operations,Coordinator,3,4,98500,No,2,74,2.4,No,2026-10
EMP0092,30,Non-binary,Operations,Coordinator,3,6,97000,Yes,4,62,3.3,No,2026-06
EMP0093,31,Male,Sales,Business Development,1,4,47000,No,3,72,2.6,Yes,2026-02
EMP0094,29,Non-binary,Technology,Software Engineer,4,8,125500,Yes,4,76,4.0,No,2026-02
EMP0095,33,Female,Finance,Financial Analyst,1,0,54000,No,2,83,4.1,No,2026-09
EMP0096,54,Male,HR,HR Analyst,1,0,54000,Yes,4,79,3.6,No,2026-01
EMP0097,41,Female,Technology,IT Support,1,0,57500,No,4,96,3.2,No,2026-11
EMP0098,36,Male,Finance,Finance Manager,3,3,104000,No,2,61,3.2,No,2026-01
EMP0099,43,Male,Sales,Sales Manager,1,2,56000,Yes,2,70,2.0,No,2026-04
EMP0100,33,Female,Operations,Team Lead,1,0,55500,Yes,4,69,5,Yes,2026-05
EMP0101,32,Female,Sales,Account Executive,5,8,148500,Yes,4,60,3.8,No,2026-06
EMP0102,52,Male,Finance,Financial Analyst,1,0,47500,No,3,72,3.8,No,2026-11
EMP0103,28,Male,Operations,Coordinator,5,8,147500,No,4,95,2.6,No,2026-12
EMP0104,24,Non-binary,Finance,Financial Analyst,1,1,45000,Yes,2,66,4.2,No,2026-03
EMP0105,55,Non-binary,Sales,Sales Manager,2,0,64500,Yes,4,70,2.9,No,2026-05
EMP0106,38,Female,Operations,Team Lead,2,3,65000,No,3,90,4.1,No,2026-04
EMP0107,31,Non-binary,Sales,Account Executive,1,0,54500,Yes,1,49,2.1,No,2026-03
EMP0108,36,Male,Finance,Finance Manager,2,7,83500,No,3,71,4.2,No,2026-01
EMP0109,57,Male,Technology,Software Engineer,1,0,54500,Yes,2,40,2.2,No,2026-12
EMP0110,31,Female,HR,HR Analyst,1,4,45000,No,4,98,4.9,No,2026-11
EMP0111,22,Male,Operations,Team Lead,1,0,50000,No,3,54,3.3,No,2026-05
EMP0112,35,Male,Finance,Financial Analyst,5,5,140000,Yes,3,72,1.8,Yes,2026-03
EMP0113,23,Male,HR,HR Analyst,2,2,68000,No,2,66,3.3,No,2026-03
EMP0114,39,Female,Operations,Team Lead,4,7,133000,No,4,74,3.7,No,2026-11
EMP0115,27,Female,Technology,Software Engineer,3,4,98500,Yes,3,69,3.4,No,2026-04
EMP0116,32,Non-binary,Technology,Data Analyst,4,10,134000,No,4,94,3.6,No,2026-08
EMP0117,54,Non-binary,Finance,Financial Analyst,1,3,46000,No,2,59,2.8,Yes,2026-07
EMP0118,38,Male,Sales,Account Executive,2,4,74000,Yes,3,60,3.9,No,2026-01
EMP0119,57,Non-binary,Technology,IT Support,3,6,100000,No,4,75,3.0,No,2026-06
EMP0120,35,Non-binary,Sales,Business Development,3,5,107000,No,3,68,2.6,Yes,2026-02
EMP0121,49,Non-binary,Finance,Finance Manager,2,3,75000,No,3,98,2.7,No,2026-03
EMP0122,43,Non-binary,Sales,Business Development,4,10,127000,No,3,72,4.4,No,2026-10
EMP0123,24,Male,Finance,Finance Manager,3,4,95000,No,4,92,4.1,No,2026-07
EMP0124,41,Female,Operations,Coordinator,2,0,82500,No,2,69,2.4,No,2026-04
EMP0125,42,Female,Technology,Data Analyst,1,0,52000,No,3,90,3.9,No,2026-08
EMP0126,26,Female,Sales,Account Executive,1,0,47000,Yes,4,90,3.7,No,2026-12
EMP0127,34,Male,Technology,Data Analyst,1,2,58000,No,3,88,3.9,No,2026-08
EMP0128,57,Male,Finance,Finance Manager,1,0,37000,Yes,3,58,3.7,Yes,2026-04
EMP0129,48,Non-binary,Sales,Business Development,3,4,99500,Yes,3,84,3.8,No,2026-09
EMP0130,51,Non-binary,Technology,IT Support,3,6,100000,Yes,4,67,2.9,No,2026-02
EMP0131,34,Non-binary,Technology,IT Support,3,4,98000,No,4,73,3.0,No,2026-08
EMP0132,57,Male,Technology,Software Engineer,3,4,90500,Yes,1,65,3.3,No,2026-05
EMP0133,30,Male,Operations,Operations Analyst,5,8,148000,Yes,4,69,2.4,No,2026-12
EMP0134,36,Non-binary,Technology,Software Engineer,4,12,128000,No,3,72,3.2,No,2026-06
EMP0135,22,Female,Technology,Data Analyst,1,2,48500,No,3,77,3.4,No,2026-01
EMP0136,35,Non-binary,Finance,Accountant,2,4,82500,No,3,93,5,No,2026-02
EMP0137,42,Female,Operations,Operations Analyst,3,6,102500,No,3,70,3.3,No,2026-11
EMP0138,33,Male,Operations,Coordinator,2,2,71500,No,2,60,3.3,No,2026-10
EMP0139,55,Non-binary,HR,HR Analyst,2,1,68500,No,4,88,4.4,No,2026-07
EMP0140,44,Female,Technology,Software Engineer,3,0,91000,Yes,3,87,3.8,Yes,2026-10
EMP0141,42,Female,Finance,Financial Analyst,3,7,88500,Yes,3,55,2.9,No,2026-09
EMP0142,26,Male,Operations,Operations Analyst,3,6,108500,No,3,88,3.8,No,2026-09
EMP0143,57,Male,Technology,IT Support,2,0,67000,Yes,4,55,3.2,No,2026-04
EMP0144,56,Male,Finance,Accountant,4,9,129000,No,1,70,2.4,Yes,2026-07
EMP0145,35,Male,Sales,Sales Manager,4,9,133000,No,3,68,3.2,No,2026-09
EMP0146,51,Male,Operations,Team Lead,2,7,75500,No,3,75,3.9,No,2026-12
EMP0147,48,Male,Technology,IT Support,2,4,74500,No,2,81,3.7,No,2026-10
EMP0148,35,Non-binary,Technology,IT Support,2,3,85000,No,3,70,3.9,No,2026-10
EMP0149,40,Non-binary,Technology,Data Analyst,1,0,55500,No,4,91,3.7,No,2026-02
EMP0150,48,Non-binary,Sales,Account Executive,4,6,122000,No,3,62,2.2,No,2026-12
EMP0151,58,Non-binary,Technology,IT Support,3,1,98000,No,4,83,3.6,No,2026-06
EMP0152,47,Non-binary,Technology,Software Engineer,4,9,130000,No,3,72,4.5,No,2026-07
EMP0153,47,Non-binary,Sales,Business Development,2,2,80000,No,2,75,4.2,Yes,2026-07
EMP0154,46,Non-binary,Sales,Account Executive,2,5,81500,No,4,84,2.9,No,2026-12
EMP0155,25,Male,Technology,Software Engineer,1,1,53500,Yes,4,57,3.7,No,2026-02
EMP0156,47,Male,Operations,Coordinator,4,5,120000,No,4,81,4.4,No,2026-07
EMP0157,46,Female,Operations,Team Lead,2,4,78500,Yes,4,73,2.8,No,2026-10
EMP0158,33,Non-binary,Sales,Sales Manager,2,9,76000,No,3,70,3.5,No,2026-12
EMP0159,37,Female,Sales,Account Executive,4,6,119000,No,3,92,4.4,No,2026-02
EMP0160,34,Non-binary,Technology,IT Support,3,2,102500,No,3,78,4.8,No,2026-07
EMP0161,30,Female,Technology,Software Engineer,2,5,73500,Yes,4,85,4.4,No,2026-11
EMP0162,50,Female,Technology,Software Engineer,5,7,137000,No,3,70,3.0,No,2026-03
EMP0163,38,Male,Finance,Accountant,1,0,60000,No,3,78,3.9,No,2026-07
EMP0164,52,Male,Technology,Software Engineer,2,3,79000,Yes,3,67,3.9,No,2026-08
EMP0165,50,Male,HR,HR Analyst,3,6,99000,Yes,3,57,2.7,No,2026-10
EMP0166,24,Male,Operations,Team Lead,2,3,76000,Yes,1,51,2.6,No,2026-12
EMP0167,50,Male,Technology,Data Analyst,3,3,97000,No,1,66,2.6,No,2026-09
EMP0168,26,Male,Operations,Team Lead,1,3,53000,No,2,67,2.7,No,2026-08
EMP0169,51,Non-binary,Operations,Coordinator,2,3,68500,Yes,2,63,3.7,No,2026-11
EMP0170,47,Male,Operations,Coordinator,3,1,88500,No,1,63,2.9,Yes,2026-04
EMP0171,57,Female,Technology,Data Analyst,4,6,120500,No,3,78,2.6,No,2026-03
EMP0172,38,Female,Technology,Software Engineer,1,3,51000,Yes,3,65,4.0,No,2026-04
EMP0173,32,Non-binary,Sales,Business Development,3,4,95000,No,2,72,4.1,No,2026-03
EMP0174,25,Female,Operations,Team Lead,1,3,62000,No,4,76,4.0,No,2026-04
EMP0175,46,Non-binary,Sales,Account Executive,1,6,59500,No,3,87,3.9,No,2026-05
EMP0176,45,Male,Operations,Team Lead,5,8,150000,Yes,3,77,3.1,Yes,2026-07
EMP0177,45,Non-binary,Sales,Business Development,2,5,74000,No,3,79,4.5,No,2026-12
EMP0178,54,Female,Technology,Software Engineer,3,3,83500,Yes,3,66,3.2,No,2026-06
EMP0179,22,Female,Finance,Financial Analyst,1,2,48000,No,1,62,3.7,No,2026-01
EMP0180,58,Non-binary,Sales,Account Executive,2,1,79000,No,1,53,2.8,No,2026-01
EMP0181,58,Female,Technology,Software Engineer,3,4,104000,No,4,80,4.3,No,2026-09
EMP0182,56,Male,Technology,IT Support,5,7,148000,No,4,76,3.7,No,2026-02
EMP0183,42,Non-binary,Sales,Sales Manager,2,1,67500,No,2,68,2.4,No,2026-02
EMP0184,48,Non-binary,Sales,Sales Manager,4,10,128000,No,3,80,3.7,No,2026-10
EMP0185,25,Male,Operations,Team Lead,3,5,105500,No,2,60,2.6,No,2026-09
EMP0186,33,Non-binary,Technology,IT Support,1,0,53000,No,3,55,4.6,No,2026-03
EMP0187,52,Non-binary,Finance,Financial Analyst,3,8,102000,Yes,4,52,4.7,Yes,2026-12
EMP0188,45,Non-binary,Technology,Software Engineer,3,6,103000,Yes,2,72,3.5,No,2026-07
EMP0189,34,Male,Technology,Data Analyst,1,5,48500,No,3,75,1.9,No,2026-01
EMP0190,26,Non-binary,HR,HR Business Partner,3,6,113500,No,3,72,1.8,No,2026-11
EMP0191,42,Non-binary,Technology,Data Analyst,3,7,105500,No,3,73,2.0,No,2026-06
EMP0192,46,Non-binary,Sales,Sales Manager,5,11,144500,No,1,66,3.5,No,2026-09
EMP0193,58,Male,Sales,Account Executive,2,0,68500,No,4,76,4.4,No,2026-10
EMP0194,57,Female,Operations,Coordinator,1,1,46500,No,2,76,2.9,No,2026-01
EMP0195,42,Female,Finance,Accountant,3,5,95500,No,4,92,3.9,No,2026-09
EMP0196,51,Non-binary,Sales,Business Development,2,6,86500,Yes,2,64,3.0,No,2026-07
EMP0197,57,Male,Technology,Software Engineer,3,3,98000,Yes,4,67,3.0,Yes,2026-09
EMP0198,42,Male,Technology,Data Analyst,1,2,55000,No,3,70,2.8,No,2026-03
EMP0199,38,Female,Sales,Account Executive,1,5,54500,No,1,62,3.7,No,2026-02
EMP0200,26,Female,HR,HR Business Partner,3,5,103000,No,1,63,3.7,No,2026-06
EMP0201,23,Female,Operations,Operations Analyst,2,3,70500,No,3,68,4.9,No,2026-02
EMP0202,37,Male,Finance,Finance Manager,5,8,155500,No,4,85,3.2,No,2026-08
EMP0203,43,Female,Operations,Operations Analyst,3,13,107500,No,4,90,3.5,No,2026-08
EMP0204,50,Female,Technology,Software Engineer,1,0,45500,No,3,85,2.6,No,2026-08
EMP0205,42,Female,Technology,IT Support,4,8,125500,Yes,4,79,3.3,No,2026-01
EMP0206,32,Female,Sales,Account Executive,1,0,47000,No,3,89,3.8,No,2026-05
EMP0207,43,Male,Sales,Account Executive,5,6,142500,Yes,3,72,3.5,No,2026-11
EMP0208,42,Male,Technology,Data Analyst,2,0,74000,No,3,68,4.0,No,2026-06
EMP0209,25,Non-binary,Finance,Accountant,3,2,95500,No,3,85,1.3,No,2026-01
EMP0210,50,Non-binary,Operations,Operations Analyst,1,2,63000,No,3,67,3.1,No,2026-11
EMP0211,55,Female,Sales,Account Executive,1,1,54000,No,3,76,3.6,No,2026-06
EMP0212,53,Non-binary,Technology,Software Engineer,2,9,78500,Yes,1,47,3.0,No,2026-03
EMP0213,36,Male,Finance,Finance Manager,3,3,100000,Yes,2,59,3.2,No,2026-06
EMP0214,40,Non-binary,Operations,Coordinator,1,2,60500,No,3,73,3.8,No,2026-11
EMP0215,29,Female,Technology,Data Analyst,1,0,49500,No,4,76,3.7,No,2026-12
EMP0216,36,Female,HR,HR Business Partner,4,9,121500,No,3,80,3.8,No,2026-12
EMP0217,43,Non-binary,HR,HR Analyst,1,0,56000,No,2,66,3.6,No,2026-11
EMP0218,27,Female,Operations,Coordinator,3,7,99000,No,2,74,1.9,No,2026-12
EMP0219,50,Male,Finance,Finance Manager,2,5,79500,No,3,85,3.0,No,2026-03
EMP0220,50,Non-binary,Finance,Finance Manager,2,5,67000,No,2,94,2.9,No,2026-11
EMP0221,40,Non-binary,Technology,IT Support,2,7,87000,No,3,72,2.8,No,2026-01
EMP0222,31,Non-binary,Finance,Financial Analyst,1,2,43500,No,3,82,4.5,No,2026-11
EMP0223,54,Female,Operations,Team Lead,3,2,103000,Yes,4,72,3.6,No,2026-12
EMP0224,50,Non-binary,Operations,Operations Analyst,2,3,70000,Yes,3,71,2.7,No,2026-08
EMP0225,46,Female,Sales,Sales Manager,3,5,101500,No,2,67,3.0,No,2026-01
EMP0226,46,Male,Operations,Operations Analyst,2,3,71000,No,4,88,4.4,No,2026-08
EMP0227,36,Female,Finance,Financial Analyst,2,4,70000,No,4,82,3.0,No,2026-05
EMP0228,35,Male,Technology,Software Engineer,1,6,70500,Yes,1,44,3.5,No,2026-11
EMP0229,34,Male,HR,HR Business Partner,3,3,99000,No,4,78,3.0,No,2026-09
EMP0230,39,Male,Technology,IT Support,2,0,67000,No,4,83,2.9,No,2026-06
EMP0231,24,Non-binary,HR,HR Analyst,3,2,89500,No,4,88,5,No,2026-06
EMP0232,29,Female,Operations,Operations Analyst,2,7,92000,No,4,70,2.7,No,2026-01
EMP0233,24,Male,Operations,Operations Analyst,3,4,103000,No,3,76,3.7,No,2026-12
EMP0234,37,Male,Technology,Software Engineer,2,1,70000,No,4,90,4.0,No,2026-05
EMP0235,50,Non-binary,Technology,Software Engineer,1,5,56500,Yes,3,55,3.5,Yes,2026-09
EMP0236,33,Non-binary,Operations,Operations Analyst,2,3,77000,No,3,78,3.3,No,2026-08
EMP0237,49,Non-binary,Technology,Software Engineer,3,9,111000,No,3,79,3.5,No,2026-10
EMP0238,44,Male,HR,Recruiter,2,4,69000,No,2,74,3.7,No,2026-04
EMP0239,39,Female,Finance,Finance Manager,1,0,37500,No,3,55,2.2,No,2026-03
EMP0240,41,Male,Sales,Sales Manager,4,4,116000,No,3,88,4.5,No,2026-07
EMP0241,37,Non-binary,Finance,Accountant,3,11,111500,Yes,2,70,3.9,No,2026-09
EMP0242,36,Female,Finance,Finance Manager,4,7,120500,No,2,70,2.8,No,2026-05
EMP0243,49,Female,Technology,Software Engineer,4,8,133500,Yes,1,72,3.6,No,2026-04
EMP0244,32,Male,Finance,Accountant,4,9,126000,No,3,87,2.7,No,2026-07
EMP0245,34,Male,Sales,Account Executive,3,5,91000,No,3,68,2.5,No,2026-10
EMP0246,30,Non-binary,Operations,Operations Analyst,4,9,129500,No,3,78,2.3,No,2026-09
EMP0247,50,Female,Sales,Account Executive,3,8,107500,Yes,2,45,4.0,No,2026-04
EMP0248,42,Male,Technology,IT Support,3,0,100000,No,3,65,4.4,No,2026-12
EMP0249,23,Non-binary,Technology,Data Analyst,1,2,62000,Yes,3,75,3.3,No,2026-01
EMP0250,51,Male,Operations,Team Lead,3,6,100500,No,3,51,2.2,No,2026-03
EMP0251,40,Male,Finance,Financial Analyst,4,4,127500,No,4,87,4.5,No,2026-04
EMP0252,35,Male,Finance,Accountant,2,3,73000,Yes,2,71,3.8,Yes,2026-07
EMP0253,58,Female,Technology,Software Engineer,4,4,130500,No,3,86,4.4,No,2026-04
EMP0254,46,Male,Technology,Software Engineer,2,2,79500,Yes,3,60,2.4,No,2026-10
EMP0255,48,Male,Sales,Account Executive,3,7,98500,No,4,92,2.8,No,2026-08
EMP0256,43,Male,Operations,Operations Analyst,1,0,47500,Yes,2,63,3.3,No,2026-12
EMP0257,58,Male,HR,HR Business Partner,2,2,74500,Yes,3,73,3.4,No,2026-06
EMP0258,31,Female,Operations,Operations Analyst,2,3,77500,No,4,86,3.3,No,2026-03
EMP0259,27,Non-binary,Technology,Data Analyst,2,7,69000,No,4,88,4.1,No,2026-08
EMP0260,51,Non-binary,Finance,Finance Manager,4,5,120500,No,3,73,3.0,No,2026-12
EMP0261,40,Non-binary,Finance,Finance Manager,3,7,100000,No,2,80,3.0,No,2026-11
EMP0262,37,Non-binary,Operations,Team Lead,2,4,69500,Yes,2,65,4.1,No,2026-08
EMP0263,46,Non-binary,Operations,Team Lead,3,7,97500,Yes,2,54,2.3,Yes,2026-08
EMP0264,33,Female,Technology,IT Support,2,0,73000,No,2,73,3.0,No,2026-09
EMP0265,37,Male,HR,HR Business Partner,1,3,64000,Yes,2,69,3.6,No,2026-01
EMP0266,51,Male,Technology,Software Engineer,4,7,125500,No,4,86,3.9,No,2026-05
EMP0267,57,Male,Sales,Sales Manager,3,4,89000,No,4,62,3.0,No,2026-06
EMP0268,37,Male,Operations,Coordinator,3,3,87500,No,4,92,3.3,No,2026-10
EMP0269,29,Non-binary,Sales,Business Development,2,8,92000,No,1,64,2.9,No,2026-02
EMP0270,55,Female,HR,HR Business Partner,2,4,76500,No,2,78,3.7,No,2026-02
EMP0271,41,Non-binary,Technology,Data Analyst,1,4,59500,Yes,2,47,2.8,No,2026-10
EMP0272,28,Male,Operations,Operations Analyst,4,7,125000,Yes,2,50,3.9,Yes,2026-11
EMP0273,43,Female,Sales,Business Development,2,3,86500,No,3,74,3.7,No,2026-12
EMP0274,43,Male,Operations,Coordinator,2,2,73000,Yes,3,71,2.5,Yes,2026-11
EMP0275,51,Male,Operations,Team Lead,3,3,96000,No,2,53,2.9,No,2026-09
EMP0276,54,Female,Technology,Software Engineer,1,6,56000,No,3,87,3.4,No,2026-05
EMP0277,45,Female,Operations,Team Lead,3,0,85500,No,3,64,2.9,No,2026-04
EMP0278,55,Male,Operations,Team Lead,2,1,72000,No,3,62,3.4,No,2026-12
EMP0279,44,Male,Sales,Account Executive,3,5,97000,Yes,4,56,3.4,No,2026-04
EMP0280,38,Female,Technology,IT Support,4,8,113000,No,1,52,4.5,Yes,2026-12
EMP0281,35,Female,Finance,Finance Manager,2,1,72000,No,4,82,4.3,No,2026-09
EMP0282,31,Male,Operations,Team Lead,3,1,97000,Yes,1,62,3.0,Yes,2026-04
EMP0283,51,Female,Technology,Software Engineer,3,9,96500,No,1,73,4.7,Yes,2026-08
EMP0284,43,Female,Technology,IT Support,4,5,132000,Yes,3,52,4.0,No,2026-03
EMP0285,58,Non-binary,Operations,Coordinator,3,7,93000,No,4,84,3.9,No,2026-05
EMP0286,25,Non-binary,Sales,Account Executive,2,0,72500,Yes,4,80,4.1,No,2026-11
EMP0287,25,Non-binary,Operations,Team Lead,2,4,78000,Yes,3,64,3.4,No,2026-09
EMP0288,38,Female,Finance,Financial Analyst,4,6,111500,No,2,83,2.6,Yes,2026-04
EMP0289,56,Non-binary,Sales,Business Development,3,3,92500,Yes,3,63,3.9,No,2026-01
EMP0290,39,Female,Sales,Business Development,1,0,44500,No,4,90,2.7,No,2026-06
EMP0291,56,Female,Sales,Account Executive,2,4,82500,Yes,3,69,3.2,No,2026-06
EMP0292,41,Male,HR,HR Business Partner,2,6,84500,Yes,4,66,2.7,No,2026-05
EMP0293,57,Female,Sales,Account Executive,1,3,48500,Yes,2,66,3.5,No,2026-11
EMP0294,50,Male,HR,HR Business Partner,1,2,64000,No,1,51,3.1,No,2026-04
EMP0295,33,Male,Finance,Accountant,4,9,132000,No,4,77,3.5,No,2026-10
EMP0296,32,Female,Technology,IT Support,2,3,88000,Yes,2,49,3.5,No,2026-05
EMP0297,37,Non-binary,Finance,Accountant,3,5,93500,No,3,84,3.7,Yes,2026-02
EMP0298,23,Male,Sales,Account Executive,1,0,42000,No,2,81,4.7,No,2026-08
EMP0299,46,Female,Operations,Coordinator,4,5,119000,No,3,69,2.7,No,2026-09
EMP0300,29,Non-binary,Technology,Software Engineer,4,7,119000,No,3,68,3.2,No,2026-11
EMP0301,45,Male,Sales,Sales Manager,3,4,100500,No,4,74,3.9,No,2026-09
EMP0302,26,Female,Finance,Accountant,1,5,58500,Yes,4,73,3.2,No,2026-02
EMP0303,54,Non-binary,Technology,Data Analyst,1,1,51500,No,4,80,3.9,No,2026-05
EMP0304,41,Non-binary,Technology,IT Support,4,8,130500,No,4,85,2.8,No,2026-05
EMP0305,52,Non-binary,Technology,IT Support,1,5,64500,No,2,60,3.1,No,2026-11
EMP0306,42,Female,Operations,Team Lead,2,6,82000,No,4,77,3.4,No,2026-10
EMP0307,26,Female,Sales,Account Executive,2,1,76500,Yes,3,72,3.9,No,2026-10
EMP0308,35,Female,Operations,Team Lead,2,2,67000,No,4,78,3.4,No,2026-09
EMP0309,48,Non-binary,Sales,Account Executive,2,7,72500,Yes,3,71,2.3,No,2026-10
EMP0310,45,Female,Finance,Financial Analyst,2,5,87500,No,3,82,3.5,No,2026-02
EMP0311,52,Female,Sales,Sales Manager,2,2,81500,No,3,91,4.0,No,2026-04
EMP0312,58,Female,Operations,Operations Analyst,1,0,54500,Yes,1,57,3.4,No,2026-11
EMP0313,52,Male,Operations,Team Lead,1,2,55000,No,4,78,2.2,No,2026-11
EMP0314,22,Female,Finance,Finance Manager,1,1,48000,No,3,85,5,No,2026-12
EMP0315,38,Non-binary,Finance,Finance Manager,2,1,50000,No,2,78,3.3,No,2026-08
EMP0316,28,Female,Operations,Operations Analyst,1,4,49500,No,2,68,2.8,No,2026-12
EMP0317,33,Male,Technology,Data Analyst,1,3,54500,No,4,83,3.8,No,2026-05
EMP0318,58,Female,Technology,Data Analyst,5,7,146500,No,1,62,4.2,No,2026-11
EMP0319,31,Non-binary,Technology,Data Analyst,3,6,101500,No,2,86,4.1,No,2026-01
EMP0320,47,Female,Finance,Finance Manager,1,2,56000,No,4,85,3.2,No,2026-11
EMP0321,24,Female,Operations,Coordinator,2,2,77000,No,3,56,2.7,No,2026-10
EMP0322,44,Male,Sales,Sales Manager,3,3,88500,No,2,51,3.2,No,2026-07
EMP0323,49,Female,Operations,Operations Analyst,1,3,60000,Yes,2,62,3.1,No,2026-03
EMP0324,26,Female,Technology,Software Engineer,2,0,81000,Yes,2,80,3.4,No,2026-07
EMP0325,49,Male,Technology,IT Support,5,10,150500,Yes,4,85,3.0,No,2026-10
EMP0326,31,Female,Operations,Team Lead,2,4,75500,No,4,92,5,No,2026-04
EMP0327,51,Female,Sales,Sales Manager,4,5,127500,Yes,3,75,3.8,No,2026-01
EMP0328,26,Male,Finance,Accountant,2,2,77500,No,4,94,3.4,No,2026-10
EMP0329,35,Male,Sales,Business Development,1,1,49500,Yes,4,76,3.1,Yes,2026-04
EMP0330,42,Female,Sales,Sales Manager,2,2,73000,No,3,78,3.8,No,2026-05
EMP0331,40,Male,Finance,Financial Analyst,1,7,58500,Yes,3,61,2.5,No,2026-10
EMP0332,27,Non-binary,Technology,Software Engineer,1,2,35500,Yes,3,63,3.0,No,2026-01
EMP0333,57,Female,Sales,Account Executive,1,0,35500,No,3,72,2.7,No,2026-01
EMP0334,32,Male,Sales,Business Development,2,5,65500,Yes,1,54,3.7,No,2026-12
EMP0335,27,Male,Technology,IT Support,4,5,127500,No,4,74,3.6,No,2026-05
EMP0336,31,Male,Technology,IT Support,2,7,69000,No,4,90,3.6,No,2026-04
EMP0337,34,Female,Technology,Software Engineer,2,0,80000,Yes,3,61,5,Yes,2026-06
EMP0338,56,Female,Finance,Finance Manager,3,5,93500,Yes,3,66,2.8,No,2026-08
EMP0339,48,Female,Finance,Finance Manager,1,0,54500,Yes,2,56,3.8,Yes,2026-12
EMP0340,40,Female,Finance,Financial Analyst,2,3,76500,No,4,92,3.9,No,2026-09
EMP0341,52,Male,Sales,Account Executive,2,2,73500,No,2,59,2.9,No,2026-12
EMP0342,53,Female,Finance,Finance Manager,2,7,77000,Yes,4,61,2.5,No,2026-04
EMP0343,45,Male,Technology,Data Analyst,1,0,50000,No,1,69,3.1,No,2026-09
EMP0344,58,Non-binary,Sales,Account Executive,4,9,128000,No,2,69,2.6,No,2026-05
EMP0345,26,Male,HR,HR Analyst,1,0,56500,No,3,82,3.9,No,2026-02
EMP0346,24,Male,Operations,Team Lead,2,1,60500,No,2,61,4.0,No,2026-03
EMP0347,46,Male,Technology,Data Analyst,1,5,54000,No,4,66,2.3,No,2026-02
EMP0348,56,Male,Technology,IT Support,1,0,43500,No,4,75,3.4,No,2026-10
EMP0349,23,Non-binary,Sales,Sales Manager,1,2,44000,No,4,74,2.9,No,2026-12
EMP0350,58,Non-binary,HR,HR Business Partner,3,7,100500,No,3,51,2.5,Yes,2026-05
EMP0351,25,Male,Technology,Data Analyst,4,5,123500,No,4,77,2.9,No,2026-05
EMP0352,31,Non-binary,Operations,Team Lead,2,2,71500,Yes,3,44,2.5,No,2026-01
EMP0353,32,Male,Technology,Data Analyst,2,2,67000,No,4,98,4.6,No,2026-07
EMP0354,58,Female,Finance,Financial Analyst,1,5,55500,Yes,1,61,2.9,No,2026-07
EMP0355,48,Female,Technology,Data Analyst,2,7,86500,No,2,69,3.0,Yes,2026-02
EMP0356,51,Male,Operations,Coordinator,2,7,81000,No,4,80,2.9,No,2026-12
EMP0357,38,Non-binary,Sales,Sales Manager,2,4,76500,Yes,2,62,3.2,No,2026-01
EMP0358,54,Female,Technology,IT Support,1,0,46500,No,2,65,3.4,No,2026-05
EMP0359,36,Female,Technology,IT Support,5,10,144000,No,2,77,3.8,Yes,2026-09
EMP0360,58,Non-binary,Operations,Coordinator,2,3,75000,Yes,1,57,2.7,No,2026-01
EMP0361,51,Male,HR,HR Analyst,1,2,42000,No,4,75,4.0,No,2026-03
EMP0362,38,Female,Sales,Sales Manager,5,6,143000,No,3,66,2.7,No,2026-09
EMP0363,30,Female,HR,Recruiter,1,6,67500,No,3,63,2.8,No,2026-06
EMP0364,35,Female,Technology,Data Analyst,2,3,80000,No,4,95,3.6,No,2026-03
EMP0365,56,Female,Operations,Team Lead,3,6,109500,No,1,70,3.6,No,2026-06
EMP0366,56,Non-binary,Operations,Operations Analyst,3,7,104000,No,3,79,3.2,Yes,2026-04
EMP0367,28,Male,HR,HR Analyst,3,5,99000,Yes,3,57,3.3,Yes,2026-05
EMP0368,57,Female,Operations,Team Lead,2,2,83000,No,2,64,3.9,No,2026-02
EMP0369,41,Male,Technology,Data Analyst,3,2,94500,Yes,3,50,3.4,Yes,2026-12
EMP0370,53,Male,Operations,Operations Analyst,5,7,163000,No,1,54,3.1,No,2026-08
EMP0371,57,Non-binary,Finance,Accountant,2,4,86000,No,4,80,3.5,No,2026-06
EMP0372,38,Male,Operations,Coordinator,4,8,130500,Yes,1,67,4.3,No,2026-06
EMP0373,30,Non-binary,Technology,Data Analyst,3,2,100000,No,1,70,3.6,No,2026-05
EMP0374,31,Female,Technology,IT Support,4,2,119000,No,3,70,4.4,No,2026-09
EMP0375,49,Female,Sales,Account Executive,2,0,61500,No,3,88,4.9,No,2026-11
EMP0376,34,Male,Operations,Coordinator,3,3,103000,Yes,4,67,2.5,No,2026-11
EMP0377,41,Male,Sales,Business Development,3,7,100500,No,3,71,3.4,No,2026-09
EMP0378,22,Male,Operations,Coordinator,1,2,57500,No,2,63,3.8,No,2026-06
EMP0379,36,Non-binary,Sales,Business Development,3,1,95000,No,4,54,3.6,Yes,2026-01
EMP0380,33,Non-binary,Finance,Finance Manager,5,8,149500,Yes,3,83,2.7,No,2026-07
EMP0381,54,Female,Sales,Account Executive,1,0,49500,No,3,72,3.8,No,2026-12
EMP0382,31,Male,HR,Recruiter,3,6,100500,No,2,69,4.6,No,2026-11
EMP0383,25,Female,Technology,IT Support,1,4,55000,No,2,55,3.4,No,2026-12
EMP0384,48,Female,Finance,Finance Manager,2,0,71500,No,3,54,4.1,No,2026-06
EMP0385,30,Female,Technology,IT Support,4,10,130500,Yes,4,82,3.3,No,2026-09
EMP0386,50,Non-binary,Technology,Software Engineer,2,3,76500,No,1,56,2.7,No,2026-04
EMP0387,35,Male,Technology,Software Engineer,3,6,97500,No,4,74,4.0,No,2026-04
EMP0388,29,Non-binary,Sales,Business Development,3,4,91000,No,2,58,3.2,Yes,2026-05
EMP0389,54,Female,HR,Recruiter,1,6,62500,No,2,64,3.8,No,2026-08
EMP0390,27,Non-binary,Sales,Sales Manager,5,7,148500,No,3,61,3.6,No,2026-03
EMP0391,31,Male,Technology,Software Engineer,1,1,64000,No,3,70,3.7,No,2026-10
EMP0392,56,Female,Technology,IT Support,4,7,119000,No,3,81,3.4,No,2026-02
EMP0393,45,Male,Operations,Coordinator,2,3,79000,No,3,83,3.5,No,2026-02
EMP0394,43,Female,HR,HR Business Partner,4,8,120000,Yes,2,57,2.5,No,2026-09
EMP0395,43,Male,Operations,Team Lead,3,5,99000,Yes,3,86,4.1,No,2026-08
EMP0396,47,Male,Operations,Operations Analyst,2,6,83000,No,4,90,3.4,No,2026-11
EMP0397,44,Non-binary,Technology,Data Analyst,3,2,100000,No,3,90,3.1,No,2026-01
EMP0398,54,Female,Technology,Software Engineer,1,4,52000,Yes,2,58,2.6,Yes,2026-11
EMP0399,45,Non-binary,Operations,Coordinator,4,7,113500,No,2,63,3.0,Yes,2026-08
EMP0400,50,Male,Finance,Finance Manager,2,5,79500,No,2,68,3.1,No,2026-12
EMP0401,26,Female,Operations,Team Lead,1,2,46000,Yes,3,65,3.6,No,2026-10
EMP0402,35,Non-binary,Operations,Operations Analyst,2,7,78000,No,1,52,4.2,No,2026-05
EMP0403,57,Male,HR,Recruiter,1,2,47000,No,4,98,4.2,No,2026-10
EMP0404,52,Non-binary,Sales,Business Development,2,6,75000,Yes,2,54,2.7,No,2026-04
EMP0405,31,Male,HR,HR Analyst,1,2,59000,No,3,91,3.9,No,2026-04
EMP0406,47,Female,Sales,Sales Manager,2,0,77500,No,3,64,3.8,No,2026-02
EMP0407,40,Female,Operations,Operations Analyst,1,0,40000,Yes,2,53,2.9,Yes,2026-09
EMP0408,42,Female,Sales,Business Development,3,5,102000,No,1,40,2.6,No,2026-02
EMP0409,25,Non-binary,Finance,Finance Manager,2,5,68000,No,3,82,4.9,No,2026-11
EMP0410,39,Non-binary,Operations,Team Lead,4,6,127000,No,4,70,3.0,No,2026-03
EMP0411,56,Male,Sales,Business Development,3,2,105500,No,2,58,3.8,No,2026-07
EMP0412,28,Non-binary,Technology,Data Analyst,1,0,47500,No,3,72,2.9,No,2026-07
EMP0413,37,Female,Technology,Software Engineer,4,7,130000,No,3,63,3.5,No,2026-04
EMP0414,45,Female,Operations,Team Lead,2,6,61000,No,3,86,3.0,No,2026-07
EMP0415,54,Male,Technology,Software Engineer,1,0,49000,No,3,81,3.5,No,2026-05
EMP0416,29,Non-binary,Operations,Coordinator,2,0,57000,Yes,2,54,3.6,No,2026-09
EMP0417,34,Male,HR,HR Analyst,1,0,46000,Yes,3,59,3.5,No,2026-11
EMP0418,27,Male,Sales,Sales Manager,4,7,122500,No,2,63,2.9,No,2026-07
EMP0419,55,Female,Technology,Data Analyst,2,0,68000,No,3,66,3.0,No,2026-10
EMP0420,28,Non-binary,Finance,Financial Analyst,4,8,124500,No,3,66,3.7,No,2026-12
EMP0421,49,Male,Finance,Accountant,3,7,107500,No,3,57,1.5,No,2026-10
EMP0422,31,Non-binary,Technology,IT Support,1,5,57500,No,4,65,4.3,No,2026-08
EMP0423,26,Female,Sales,Business Development,2,6,78000,Yes,3,91,3.0,No,2026-11
EMP0424,31,Female,Sales,Sales Manager,1,1,62000,Yes,3,73,3.3,Yes,2026-11
EMP0425,25,Non-binary,Operations,Coordinator,3,5,91500,No,4,71,3.3,No,2026-01
EMP0426,48,Non-binary,Technology,IT Support,3,9,104000,Yes,4,65,2.4,No,2026-11
EMP0427,48,Non-binary,Technology,IT Support,1,0,55000,Yes,3,81,3.5,No,2026-07
EMP0428,50,Male,Operations,Team Lead,3,3,95500,No,3,68,3.3,No,2026-09
EMP0429,29,Non-binary,Finance,Financial Analyst,2,0,75000,No,4,89,3.9,No,2026-10
EMP0430,34,Non-binary,Technology,Software Engineer,4,9,125000,No,3,80,4.5,No,2026-06
EMP0431,41,Female,Sales,Account Executive,2,5,76000,No,2,59,2.9,No,2026-09
EMP0432,40,Non-binary,Technology,Data Analyst,1,4,51000,No,1,74,3.3,No,2026-02
EMP0433,57,Male,Operations,Operations Analyst,1,0,54000,No,3,78,3.5,No,2026-06
EMP0434,52,Female,HR,HR Analyst,1,0,51500,No,3,84,4.4,No,2026-03
EMP0435,51,Female,Sales,Business Development,1,6,66500,No,3,75,3.0,No,2026-04
EMP0436,41,Female,Sales,Sales Manager,2,2,69000,No,4,88,3.4,No,2026-10
EMP0437,26,Non-binary,Finance,Accountant,3,6,105500,No,4,73,3.3,No,2026-04
EMP0438,28,Non-binary,Finance,Accountant,5,8,151500,No,3,77,1.9,No,2026-12
EMP0439,41,Male,Technology,Software Engineer,2,6,81500,No,3,84,3.2,No,2026-05
EMP0440,34,Male,Sales,Account Executive,4,3,119500,No,2,62,3.8,No,2026-11
EMP0441,24,Female,Operations,Operations Analyst,3,1,86500,No,3,59,2.9,Yes,2026-01
EMP0442,37,Female,Sales,Business Development,4,5,123000,No,4,67,2.8,No,2026-11
EMP0443,49,Non-binary,Sales,Sales Manager,2,3,69500,No,2,68,3.5,No,2026-04
EMP0444,26,Non-binary,Finance,Finance Manager,2,1,72500,No,3,65,3.0,No,2026-02
EMP0445,49,Non-binary,Finance,Accountant,3,3,93500,Yes,3,73,4.1,No,2026-02
EMP0446,28,Female,Operations,Operations Analyst,3,5,100000,Yes,2,75,3.1,No,2026-01
EMP0447,38,Non-binary,Operations,Operations Analyst,4,8,123500,Yes,4,62,4.4,No,2026-07
EMP0448,23,Non-binary,Operations,Team Lead,2,3,71000,No,2,76,3.1,No,2026-04
EMP0449,43,Non-binary,Finance,Finance Manager,2,1,81000,No,3,63,4.1,No,2026-11
EMP0450,25,Female,Technology,Software Engineer,2,5,84500,No,4,95,3.8,Yes,2026-06
EMP0451,31,Female,Technology,IT Support,4,10,140500,No,3,63,4.2,No,2026-10
EMP0452,33,Female,Finance,Accountant,3,5,112000,No,4,98,4.0,No,2026-03
EMP0453,32,Male,Finance,Financial Analyst,1,2,51000,Yes,4,78,3.3,No,2026-12
EMP0454,40,Female,Operations,Operations Analyst,3,4,97500,No,2,68,4.0,No,2026-07
EMP0455,50,Female,Operations,Coordinator,1,1,61000,No,3,68,3.8,No,2026-06
EMP0456,28,Non-binary,Technology,Software Engineer,1,0,49500,No,2,64,2.2,Yes,2026-03
EMP0457,28,Male,Operations,Team Lead,3,6,105000,No,4,76,3.5,No,2026-02
EMP0458,25,Non-binary,Technology,IT Support,2,4,67000,No,3,69,1.8,No,2026-02
EMP0459,54,Non-binary,Operations,Operations Analyst,3,9,110000,No,2,77,3.3,No,2026-11
EMP0460,37,Non-binary,Operations,Team Lead,3,7,97500,No,2,77,3.3,Yes,2026-11
EMP0461,55,Female,Sales,Business Development,2,3,74500,No,4,79,3.7,No,2026-05
EMP0462,37,Male,Sales,Account Executive,1,5,48000,No,3,79,3.4,No,2026-12
EMP0463,26,Male,Technology,Software Engineer,2,2,70000,No,2,71,4.7,No,2026-06
EMP0464,55,Female,Operations,Team Lead,2,3,79000,No,2,68,3.7,No,2026-03
EMP0465,49,Female,Operations,Operations Analyst,2,0,78500,Yes,2,56,3.0,Yes,2026-01
EMP0466,43,Female,Finance,Accountant,3,0,92000,No,2,68,2.8,No,2026-09
EMP0467,56,Female,HR,HR Business Partner,2,4,81500,No,4,96,3.5,No,2026-10
EMP0468,31,Female,Sales,Sales Manager,1,3,57500,No,2,82,4.8,No,2026-06
EMP0469,33,Non-binary,Sales,Business Development,2,6,81500,No,4,82,4.5,No,2026-08
EMP0470,32,Male,Operations,Team Lead,5,5,136500,No,4,79,4.2,No,2026-06
EMP0471,40,Non-binary,Technology,IT Support,3,6,93500,No,3,71,3.6,No,2026-06
EMP0472,43,Male,Sales,Account Executive,3,6,94500,Yes,3,79,4.0,Yes,2026-05
EMP0473,44,Non-binary,Technology,Data Analyst,1,3,52000,No,4,84,4.1,No,2026-03
EMP0474,33,Male,Technology,Data Analyst,4,5,115500,No,1,83,2.8,Yes,2026-01
EMP0475,37,Female,Technology,Software Engineer,3,5,97000,Yes,3,67,4.1,No,2026-02
EMP0476,52,Female,Sales,Business Development,1,4,51000,Yes,4,61,2.7,No,2026-11
EMP0477,35,Female,Sales,Business Development,2,5,69000,No,3,74,2.3,No,2026-09
EMP0478,28,Non-binary,Finance,Accountant,2,1,79500,No,3,79,4.0,No,2026-01
EMP0479,27,Male,Finance,Financial Analyst,2,6,66000,No,4,79,3.8,No,2026-08
EMP0480,58,Non-binary,Technology,IT Support,3,6,98500,Yes,3,65,3.7,No,2026-05
EMP0481,46,Non-binary,Technology,Data Analyst,2,1,67500,No,3,59,2.9,No,2026-05
EMP0482,26,Female,Sales,Account Executive,2,6,83500,No,4,76,3.4,No,2026-10
EMP0483,48,Male,Sales,Sales Manager,3,4,108000,No,2,67,3.1,No,2026-08
EMP0484,50,Non-binary,Sales,Sales Manager,2,6,76500,No,4,77,3.7,No,2026-01
EMP0485,53,Female,Technology,Data Analyst,2,6,74000,Yes,3,61,2.8,No,2026-05
EMP0486,31,Male,Operations,Team Lead,5,3,146500,No,4,82,3.9,No,2026-05
EMP0487,52,Non-binary,Sales,Business Development,1,1,51500,No,1,65,2.8,No,2026-11
EMP0488,22,Male,Technology,IT Support,1,0,48500,No,2,79,3.8,No,2026-08
EMP0489,26,Male,Operations,Operations Analyst,1,4,53500,No,3,77,5,No,2026-05
EMP0490,27,Female,Finance,Finance Manager,4,7,129500,No,4,70,4.4,No,2026-06
EMP0491,48,Male,Technology,Software Engineer,3,2,95000,Yes,3,77,3.1,Yes,2026-03
EMP0492,25,Non-binary,Finance,Finance Manager,2,3,74000,No,4,79,4.1,No,2026-11
EMP0493,43,Male,Finance,Accountant,2,0,72000,No,4,89,4.8,No,2026-10
EMP0494,58,Female,Sales,Account Executive,1,0,58500,Yes,1,70,4.0,No,2026-01
EMP0495,40,Non-binary,HR,HR Business Partner,2,7,85500,Yes,3,79,4.1,Yes,2026-04
EMP0496,58,Non-binary,Finance,Financial Analyst,3,3,109000,Yes,4,75,4.1,Yes,2026-05
EMP0497,33,Female,Technology,Data Analyst,5,10,147000,No,2,85,3.6,No,2026-05
EMP0498,28,Non-binary,Operations,Coordinator,3,4,97500,No,3,71,3.3,No,2026-01
EMP0499,30,Non-binary,Technology,IT Support,3,8,105500,No,4,98,3.5,No,2026-06
EMP0500,51,Non-binary,Technology,Software Engineer,2,4,80000,Yes,4,69,2.9,No,2026-08
EMP0501,54,Female,Sales,Account Executive,4,7,125500,No,4,75,3.6,No,2026-06
EMP0502,48,Male,Operations,Coordinator,1,0,35500,Yes,3,76,3.3,No,2026-11
EMP0503,33,Female,Operations,Team Lead,1,5,50500,No,4,87,4.0,No,2026-02
EMP0504,30,Male,Finance,Finance Manager,1,1,49000,No,3,81,2.9,No,2026-08
EMP0505,26,Non-binary,Operations,Team Lead,1,3,42500,No,3,77,3.3,No,2026-02
EMP0506,52,Female,Technology,Software Engineer,1,3,37500,No,2,61,2.5,No,2026-08
EMP0507,39,Female,Sales,Account Executive,4,5,114000,Yes,2,70,3.2,No,2026-12
EMP0508,44,Male,Operations,Operations Analyst,3,4,101500,No,3,79,5,No,2026-05
EMP0509,33,Male,Technology,Data Analyst,4,7,128500,No,3,72,3.4,No,2026-12
EMP0510,52,Non-binary,Technology,IT Support,4,5,112000,No,3,82,3.5,No,2026-01
EMP0511,40,Male,Operations,Coordinator,3,7,108000,Yes,4,78,2.6,No,2026-09
EMP0512,56,Female,Finance,Financial Analyst,3,5,106500,No,2,69,3.4,No,2026-05
EMP0513,49,Male,Technology,IT Support,3,2,107500,No,3,73,3.2,No,2026-11
EMP0514,52,Female,Operations,Coordinator,1,0,54000,Yes,2,59,2.7,Yes,2026-10
EMP0515,52,Non-binary,Operations,Team Lead,3,4,92000,No,1,76,3.5,No,2026-02
EMP0516,24,Non-binary,Finance,Financial Analyst,3,4,98000,No,3,61,3.1,No,2026-09
EMP0517,42,Female,HR,HR Business Partner,2,5,75000,Yes,4,64,3.3,No,2026-11
EMP0518,57,Non-binary,Technology,Data Analyst,1,1,44000,No,4,82,4.9,No,2026-07
EMP0519,37,Female,Operations,Coordinator,1,3,49000,No,2,72,3.3,Yes,2026-09
EMP0520,43,Male,HR,HR Analyst,3,5,103500,No,3,76,4.0,No,2026-01
EMP0521,52,Non-binary,Technology,Data Analyst,3,8,113500,No,3,50,4.0,No,2026-07
EMP0522,43,Non-binary,Operations,Coordinator,1,0,50000,No,2,71,3.7,No,2026-06
EMP0523,30,Female,Sales,Account Executive,4,6,124000,No,4,95,3.8,No,2026-02
EMP0524,54,Male,Technology,IT Support,1,4,53000,No,3,77,3.6,No,2026-09
EMP0525,42,Female,Technology,Software Engineer,2,5,81500,Yes,2,50,3.7,No,2026-06
EMP0526,35,Male,Sales,Account Executive,4,2,124500,No,4,79,3.8,No,2026-10
EMP0527,34,Male,Technology,IT Support,1,3,39500,Yes,3,64,3.2,No,2026-08
EMP0528,50,Female,Operations,Operations Analyst,1,3,56500,Yes,4,77,4.1,No,2026-06
EMP0529,27,Non-binary,Sales,Business Development,3,3,90000,Yes,4,86,3.7,No,2026-06
EMP0530,46,Non-binary,Technology,Data Analyst,2,6,77000,No,2,61,2.1,No,2026-04
EMP0531,53,Female,Sales,Business Development,4,12,136000,Yes,4,51,3.4,No,2026-05
EMP0532,43,Non-binary,HR,Recruiter,4,6,114000,No,1,57,3.6,Yes,2026-06
EMP0533,29,Male,Technology,IT Support,1,3,49000,No,3,63,1.8,No,2026-05
EMP0534,53,Female,Operations,Operations Analyst,2,3,65500,No,4,88,4.8,No,2026-02
EMP0535,44,Male,HR,Recruiter,2,5,95000,No,2,68,3.5,No,2026-11
EMP0536,50,Male,HR,HR Business Partner,5,8,145500,Yes,3,63,4.1,No,2026-12
EMP0537,29,Female,Sales,Sales Manager,1,2,48500,No,2,80,4.0,No,2026-09
EMP0538,47,Non-binary,Finance,Financial Analyst,1,3,50500,No,3,65,3.2,No,2026-07
EMP0539,51,Female,Technology,IT Support,1,0,48000,Yes,3,61,3.4,No,2026-06
EMP0540,38,Male,Technology,Software Engineer,1,5,43000,No,4,94,4.3,Yes,2026-10
EMP0541,51,Non-binary,Sales,Sales Manager,1,2,49000,Yes,4,62,3.0,No,2026-02
EMP0542,37,Female,Technology,IT Support,1,3,65500,No,4,73,3.5,No,2026-10
EMP0543,30,Non-binary,HR,HR Analyst,5,7,157500,No,2,69,2.8,No,2026-09
EMP0544,38,Non-binary,Technology,IT Support,3,2,98000,Yes,4,72,4.1,No,2026-11
EMP0545,35,Male,HR,HR Business Partner,1,1,49000,Yes,1,43,3.7,No,2026-10
EMP0546,46,Female,Technology,Data Analyst,1,3,51500,No,3,66,4.7,No,2026-11
EMP0547,25,Non-binary,Technology,Data Analyst,3,5,101000,No,1,61,3.4,No,2026-11
EMP0548,30,Non-binary,Sales,Account Executive,1,0,61500,No,3,87,2.8,No,2026-03
EMP0549,46,Non-binary,Technology,IT Support,1,6,46500,Yes,4,61,3.4,No,2026-11
EMP0550,51,Female,Finance,Accountant,2,5,81500,No,1,57,3.7,No,2026-05
EMP0551,28,Male,Operations,Coordinator,5,8,161500,No,3,86,3.4,No,2026-07
EMP0552,42,Non-binary,Technology,Software Engineer,1,2,51500,No,4,81,3.2,No,2026-08
EMP0553,46,Non-binary,Operations,Operations Analyst,4,8,122000,Yes,2,50,3.4,No,2026-04
EMP0554,29,Female,Sales,Sales Manager,2,1,70000,No,2,64,2.7,No,2026-10
EMP0555,24,Non-binary,Technology,Data Analyst,2,3,78500,No,4,75,3.6,No,2026-05
EMP0556,27,Non-binary,Sales,Sales Manager,2,0,80500,Yes,4,81,2.9,No,2026-07
EMP0557,37,Female,Operations,Operations Analyst,1,0,62000,No,3,64,3.9,Yes,2026-04
EMP0558,34,Female,HR,HR Analyst,4,11,131000,Yes,3,64,2.9,No,2026-06
EMP0559,47,Male,Operations,Coordinator,2,7,88500,No,2,61,3.5,Yes,2026-09
EMP0560,47,Male,Finance,Finance Manager,2,2,68500,Yes,3,64,3.7,Yes,2026-12
EMP0561,26,Non-binary,Operations,Operations Analyst,3,4,90500,No,3,77,4.2,No,2026-02
EMP0562,26,Male,Sales,Sales Manager,2,4,85500,Yes,4,90,3.1,No,2026-05
EMP0563,27,Non-binary,HR,HR Business Partner,2,0,71500,No,3,87,4.1,No,2026-04
EMP0564,47,Male,HR,HR Analyst,4,10,132500,No,2,84,3.6,No,2026-04
EMP0565,35,Male,Sales,Account Executive,2,2,70500,No,4,60,2.6,Yes,2026-07
EMP0566,30,Female,Technology,Software Engineer,3,8,108000,No,1,67,2.9,No,2026-10
EMP0567,42,Non-binary,Sales,Account Executive,5,3,134000,No,3,61,3.6,No,2026-06
EMP0568,44,Male,Sales,Sales Manager,1,0,52500,Yes,1,40,1.4,Yes,2026-10
EMP0569,42,Non-binary,Finance,Financial Analyst,2,1,70500,No,1,71,3.3,No,2026-10
EMP0570,46,Non-binary,Sales,Business Development,3,5,90500,No,4,80,4.1,No,2026-04
EMP0571,44,Male,Operations,Coordinator,4,3,112000,No,4,67,2.5,No,2026-07
EMP0572,32,Female,Sales,Sales Manager,1,1,55500,No,1,65,3.2,No,2026-05
EMP0573,53,Male,Sales,Sales Manager,3,7,107000,Yes,4,72,3.3,No,2026-09
EMP0574,35,Non-binary,Operations,Coordinator,1,0,59500,Yes,3,66,2.9,No,2026-04
EMP0575,43,Female,HR,HR Business Partner,4,5,114500,Yes,2,62,3.2,No,2026-04
EMP0576,54,Male,Finance,Finance Manager,2,7,89500,No,2,62,3.5,Yes,2026-06
EMP0577,36,Non-binary,Technology,IT Support,3,9,89000,No,4,85,4.3,No,2026-10
EMP0578,54,Male,Technology,Software Engineer,2,3,89500,No,3,60,1.9,No,2026-10
EMP0579,41,Non-binary,Operations,Coordinator,4,8,115500,No,1,58,4.2,Yes,2026-02
EMP0580,48,Non-binary,HR,HR Analyst,4,7,123000,No,3,81,4.6,No,2026-11
EMP0581,35,Non-binary,Operations,Coordinator,2,5,80000,No,4,97,4.0,No,2026-03
EMP0582,36,Male,Operations,Coordinator,4,8,127500,No,4,74,3.2,No,2026-04
EMP0583,50,Female,Operations,Coordinator,1,1,38000,No,4,91,3.6,No,2026-08
EMP0584,36,Female,Technology,Data Analyst,2,4,81500,No,2,65,3.0,No,2026-11
EMP0585,27,Female,HR,HR Business Partner,2,7,82500,No,3,98,3.8,No,2026-03
EMP0586,27,Male,Finance,Accountant,2,5,72000,Yes,3,67,3.9,No,2026-10
EMP0587,49,Male,Technology,Software Engineer,4,7,113500,No,3,73,5,No,2026-04
EMP0588,37,Female,HR,HR Analyst,2,1,73000,No,2,83,4.5,No,2026-03
EMP0589,46,Non-binary,Technology,Data Analyst,2,6,80500,Yes,4,54,3.3,No,2026-11
EMP0590,50,Female,Sales,Business Development,4,7,125500,No,4,83,4.9,No,2026-11
EMP0591,40,Female,Technology,IT Support,2,3,83000,No,2,87,3.9,Yes,2026-11
EMP0592,40,Female,Finance,Accountant,2,3,74000,No,3,83,4.1,No,2026-11
EMP0593,31,Male,Sales,Account Executive,2,5,76500,No,4,82,3.3,No,2026-05
EMP0594,55,Female,HR,Recruiter,5,5,143500,Yes,3,74,3.8,No,2026-04
EMP0595,54,Male,Technology,IT Support,3,9,110000,Yes,3,75,3.8,No,2026-12
EMP0596,31,Male,Technology,IT Support,3,5,101000,No,4,79,3.9,No,2026-05
EMP0597,33,Non-binary,Technology,IT Support,2,0,69500,No,1,71,3.6,No,2026-10
EMP0598,50,Male,Technology,IT Support,2,6,75000,No,2,61,3.5,No,2026-11
EMP0599,29,Male,Finance,Financial Analyst,4,9,128000,Yes,3,61,2.5,Yes,2026-02
EMP0600,44,Female,Technology,IT Support,2,6,68000,No,1,63,3.8,Yes,2026-06
EMP0601,35,Female,HR,Recruiter,3,4,95500,Yes,2,60,2.4,No,2026-10
EMP0602,37,Male,HR,HR Business Partner,1,0,43000,No,3,61,3.8,No,2026-05
EMP0603,35,Non-binary,Technology,Software Engineer,4,7,121000,No,3,84,4.0,No,2026-08
EMP0604,36,Male,Technology,IT Support,2,3,72500,No,4,84,2.9,No,2026-07
EMP0605,40,Male,Sales,Business Development,4,7,132500,No,3,68,2.4,No,2026-05
EMP0606,48,Female,Operations,Coordinator,2,6,83500,Yes,4,81,3.3,No,2026-04
EMP0607,34,Male,Operations,Operations Analyst,1,2,46000,No,3,74,3.1,No,2026-08
EMP0608,29,Male,Finance,Financial Analyst,2,6,82500,No,3,97,4.9,No,2026-10
EMP0609,54,Male,Sales,Sales Manager,2,6,76000,No,4,72,4.3,No,2026-03
EMP0610,26,Female,Technology,Data Analyst,2,3,78000,No,1,65,2.9,No,2026-01
EMP0611,48,Female,Operations,Coordinator,1,5,58500,No,3,76,3.2,No,2026-06
EMP0612,35,Male,Technology,Software Engineer,3,5,91500,No,4,76,5,No,2026-05
EMP0613,27,Female,Sales,Account Executive,3,7,113500,No,1,83,3.2,No,2026-03
EMP0614,36,Non-binary,Technology,Software Engineer,4,4,122000,No,2,67,3.4,No,2026-03
EMP0615,33,Male,Finance,Finance Manager,4,1,113500,No,1,48,2.8,Yes,2026-06
EMP0616,52,Male,HR,HR Business Partner,4,8,125000,No,4,78,3.1,No,2026-04
EMP0617,55,Non-binary,Finance,Financial Analyst,2,3,63000,No,3,76,3.7,No,2026-09
EMP0618,46,Female,Operations,Team Lead,2,9,74000,No,3,65,2.9,Yes,2026-05
EMP0619,58,Female,HR,HR Business Partner,1,0,51500,No,4,79,3.7,No,2026-02
EMP0620,25,Male,Finance,Financial Analyst,3,2,97500,No,3,90,4.3,No,2026-05
EMP0621,52,Male,Finance,Finance Manager,3,5,97000,Yes,3,71,3.5,Yes,2026-12
EMP0622,36,Female,Technology,Software Engineer,1,3,46000,Yes,3,76,3.6,No,2026-11
EMP0623,52,Non-binary,Technology,Software Engineer,1,0,47500,Yes,2,69,4.9,No,2026-06
EMP0624,52,Non-binary,Operations,Operations Analyst,2,8,79500,No,4,79,4.4,No,2026-03
EMP0625,44,Non-binary,Technology,Software Engineer,2,3,70500,Yes,2,55,3.3,No,2026-06
EMP0626,55,Non-binary,Operations,Team Lead,2,4,75000,No,4,81,2.8,No,2026-06
EMP0627,40,Non-binary,Sales,Business Development,3,6,106500,No,2,62,3.4,No,2026-12
EMP0628,48,Male,Sales,Sales Manager,1,2,58000,No,3,82,2.0,No,2026-01
EMP0629,38,Male,Finance,Accountant,1,0,50000,Yes,4,77,3.0,No,2026-07
EMP0630,50,Non-binary,Sales,Account Executive,3,7,98000,No,3,88,3.8,No,2026-10
EMP0631,41,Female,Finance,Accountant,4,6,123000,Yes,3,78,3.8,No,2026-07
EMP0632,56,Female,Technology,IT Support,3,4,96000,No,4,80,3.5,No,2026-06
EMP0633,41,Non-binary,Operations,Coordinator,1,0,53500,No,3,91,4.1,No,2026-11
EMP0634,50,Male,Technology,Data Analyst,2,7,73000,Yes,2,50,3.2,Yes,2026-05
EMP0635,34,Non-binary,Technology,Data Analyst,3,3,90000,No,3,74,5,No,2026-02
EMP0636,27,Non-binary,Operations,Operations Analyst,3,7,100500,Yes,4,68,3.1,Yes,2026-05
EMP0637,48,Male,Technology,IT Support,3,5,93500,Yes,2,67,3.3,No,2026-08
EMP0638,34,Male,Operations,Operations Analyst,1,4,45000,No,2,78,3.5,No,2026-01
EMP0639,53,Female,Sales,Account Executive,5,9,145500,No,1,57,3.3,Yes,2026-06
EMP0640,44,Female,Sales,Sales Manager,5,12,148500,No,1,72,3.8,No,2026-08
EMP0641,35,Male,Operations,Operations Analyst,2,5,80000,No,4,92,3.9,No,2026-11
EMP0642,43,Female,Sales,Account Executive,2,6,75000,No,1,47,3.1,No,2026-02
EMP0643,47,Female,Technology,Data Analyst,3,8,100500,No,3,52,4.1,Yes,2026-12
EMP0644,53,Non-binary,Operations,Operations Analyst,2,6,71500,No,3,83,4.0,No,2026-04
EMP0645,28,Female,HR,Recruiter,4,1,111500,No,2,57,3.5,No,2026-04
EMP0646,43,Female,Technology,Software Engineer,5,9,144500,No,4,83,3.4,No,2026-11
EMP0647,37,Female,HR,HR Analyst,2,2,65500,No,2,46,3.3,No,2026-03
EMP0648,54,Female,Sales,Business Development,4,7,124000,Yes,1,58,2.9,No,2026-12
EMP0649,31,Non-binary,Finance,Accountant,1,0,47500,No,3,81,3.6,No,2026-12
EMP0650,57,Female,HR,HR Analyst,1,0,42500,Yes,3,71,3.8,Yes,2026-10
EMP0651,28,Non-binary,Finance,Financial Analyst,4,8,127500,No,2,81,3.2,No,2026-11
EMP0652,26,Male,Technology,Data Analyst,1,4,61000,No,3,83,3.6,No,2026-03
EMP0653,28,Female,Operations,Team Lead,2,5,72000,No,2,72,3.8,No,2026-11
EMP0654,34,Female,Operations,Team Lead,3,7,98000,No,3,65,4.1,No,2026-08
EMP0655,36,Male,Sales,Business Development,2,2,70500,No,3,79,3.6,No,2026-12
EMP0656,50,Male,Technology,IT Support,4,5,106000,Yes,3,72,4.0,No,2026-07
EMP0657,22,Female,Operations,Operations Analyst,1,2,44000,No,3,79,3.9,No,2026-11
EMP0658,27,Male,Operations,Operations Analyst,5,7,143000,Yes,4,81,3.6,No,2026-09
EMP0659,23,Non-binary,Technology,Software Engineer,1,3,61500,Yes,1,60,4.1,No,2026-11
EMP0660,45,Non-binary,Sales,Account Executive,1,1,46000,No,4,67,3.7,No,2026-11
EMP0661,53,Female,Sales,Sales Manager,3,7,103000,Yes,3,81,3.9,No,2026-02
EMP0662,57,Female,Technology,IT Support,3,7,112000,No,3,72,2.7,No,2026-07
EMP0663,46,Male,HR,Recruiter,1,0,51000,No,3,69,3.8,No,2026-03
EMP0664,36,Non-binary,Finance,Accountant,3,2,103500,No,4,84,2.5,No,2026-10
EMP0665,27,Female,Operations,Operations Analyst,1,0,42000,Yes,3,70,2.8,No,2026-07
EMP0666,56,Non-binary,Operations,Coordinator,3,4,97500,No,3,52,3.4,Yes,2026-08
EMP0667,53,Non-binary,Technology,IT Support,1,1,54500,No,1,53,2.7,No,2026-01
EMP0668,28,Male,Sales,Sales Manager,2,3,73500,Yes,3,86,4.4,No,2026-06
EMP0669,39,Male,Sales,Business Development,1,0,48000,No,2,68,3.3,Yes,2026-10
EMP0670,46,Female,Technology,Data Analyst,2,6,73000,Yes,2,49,3.6,No,2026-06
EMP0671,45,Male,Technology,Data Analyst,1,5,52000,No,4,82,2.6,No,2026-03
EMP0672,36,Non-binary,Sales,Business Development,2,0,67500,Yes,4,67,2.9,No,2026-12
EMP0673,36,Non-binary,Technology,IT Support,4,12,138500,No,4,75,3.4,No,2026-06
EMP0674,31,Female,Sales,Account Executive,3,6,102000,Yes,3,77,3.7,Yes,2026-06
EMP0675,37,Male,Technology,IT Support,4,7,127000,No,3,74,4.0,No,2026-01
EMP0676,35,Male,HR,HR Analyst,3,5,103500,No,3,77,3.5,No,2026-11
EMP0677,47,Female,Technology,Data Analyst,2,8,80000,No,2,70,4.4,No,2026-02
EMP0678,53,Female,HR,Recruiter,4,7,126000,No,3,58,3.2,No,2026-12
EMP0679,36,Female,HR,Recruiter,5,8,150000,Yes,2,63,3.0,No,2026-08
EMP0680,35,Male,HR,HR Business Partner,1,0,43500,No,4,77,3.6,No,2026-08
EMP0681,44,Female,Finance,Financial Analyst,2,6,77500,No,1,56,3.4,Yes,2026-07
EMP0682,46,Female,Technology,IT Support,3,4,109500,Yes,4,65,3.3,No,2026-01
EMP0683,51,Female,Technology,IT Support,5,4,140000,No,4,53,4.3,Yes,2026-09
EMP0684,25,Male,Sales,Business Development,4,5,122500,No,3,67,4.4,No,2026-01
EMP0685,47,Non-binary,Sales,Business Development,2,3,74000,No,3,62,2.8,Yes,2026-10
EMP0686,56,Non-binary,Technology,Data Analyst,2,0,62000,Yes,3,60,2.9,No,2026-05
EMP0687,56,Non-binary,Operations,Coordinator,2,4,73000,Yes,3,53,2.1,No,2026-09
EMP0688,44,Male,Technology,IT Support,2,0,67500,No,3,79,4.6,No,2026-10
EMP0689,37,Male,Technology,Software Engineer,2,2,70000,Yes,2,41,3.3,Yes,2026-02
EMP0690,57,Non-binary,Sales,Account Executive,2,7,69000,Yes,3,73,3.5,No,2026-06
EMP0691,57,Non-binary,Sales,Sales Manager,2,3,77500,No,3,68,3.2,No,2026-09
EMP0692,36,Female,HR,HR Business Partner,3,6,108500,Yes,2,82,3.4,No,2026-05
EMP0693,29,Male,Operations,Team Lead,4,6,133000,No,3,78,3.4,No,2026-04
EMP0694,42,Male,Sales,Account Executive,3,8,101000,No,3,60,2.6,No,2026-10
EMP0695,39,Male,HR,HR Analyst,2,3,75000,Yes,4,67,4.6,No,2026-02
EMP0696,37,Male,Technology,IT Support,3,8,94000,No,3,76,3.5,No,2026-07
EMP0697,29,Male,Finance,Financial Analyst,5,9,147500,No,4,86,3.8,No,2026-07
EMP0698,50,Male,Finance,Accountant,2,3,82000,Yes,1,38,2.0,No,2026-10
EMP0699,46,Female,Finance,Accountant,1,1,42000,Yes,2,72,3.8,No,2026-04
EMP0700,38,Female,Technology,IT Support,1,0,50000,Yes,2,48,3.5,No,2026-07
EMP0701,36,Female,Sales,Sales Manager,3,7,107000,No,3,63,3.3,No,2026-11
EMP0702,46,Non-binary,Finance,Finance Manager,4,6,117500,Yes,3,72,2.1,No,2026-06
EMP0703,44,Non-binary,Operations,Coordinator,5,9,156000,Yes,4,39,2.9,No,2026-04
EMP0704,36,Non-binary,Operations,Operations Analyst,3,7,103500,No,4,83,3.8,No,2026-07
EMP0705,55,Non-binary,Operations,Coordinator,1,2,45000,Yes,3,61,3.2,Yes,2026-06
EMP0706,49,Male,Operations,Operations Analyst,1,5,54000,Yes,3,63,3.1,No,2026-07
EMP0707,30,Female,Sales,Account Executive,3,1,95000,Yes,3,78,3.2,Yes,2026-05
EMP0708,47,Male,Technology,IT Support,1,0,45000,No,3,60,1.8,Yes,2026-05
EMP0709,45,Female,Finance,Financial Analyst,5,5,121500,Yes,3,82,4.4,No,2026-07
EMP0710,22,Male,Technology,IT Support,1,0,56500,No,4,71,4.3,No,2026-06
EMP0711,51,Non-binary,Sales,Sales Manager,1,4,66000,No,3,75,3.2,No,2026-01
EMP0712,51,Female,Operations,Team Lead,3,3,94000,No,2,57,2.8,No,2026-07
EMP0713,32,Male,Sales,Business Development,4,8,112000,No,2,75,3.2,No,2026-12
EMP0714,33,Female,Technology,IT Support,3,5,98000,No,3,72,3.1,No,2026-09
EMP0715,36,Female,Operations,Coordinator,3,4,101000,Yes,4,73,2.6,No,2026-04
EMP0716,58,Non-binary,HR,Recruiter,2,5,75000,Yes,3,71,3.0,No,2026-04
EMP0717,41,Female,Technology,IT Support,1,3,66500,No,4,84,4.2,No,2026-03
EMP0718,45,Male,Technology,IT Support,5,13,164000,Yes,4,78,4.5,No,2026-04
EMP0719,26,Male,Technology,Data Analyst,3,4,101500,No,4,84,3.2,No,2026-11
EMP0720,56,Male,Operations,Team Lead,3,4,100500,No,1,53,2.6,Yes,2026-07
EMP0721,55,Male,Finance,Accountant,4,11,128500,Yes,3,76,3.4,No,2026-02
EMP0722,51,Non-binary,Technology,Software Engineer,1,1,56500,No,3,71,3.9,No,2026-01
EMP0723,54,Non-binary,Technology,Software Engineer,4,4,122000,No,4,82,3.8,No,2026-12
EMP0724,58,Male,Technology,IT Support,3,0,84500,Yes,3,58,3.7,Yes,2026-11
EMP0725,49,Male,Sales,Sales Manager,3,4,107000,Yes,3,59,4.2,No,2026-08
EMP0726,47,Non-binary,Technology,IT Support,2,4,66000,No,1,73,3.1,No,2026-06
EMP0727,23,Non-binary,Operations,Operations Analyst,1,0,53000,No,4,66,3.2,No,2026-08
EMP0728,25,Non-binary,Finance,Finance Manager,2,0,73500,Yes,4,81,4.8,No,2026-04
EMP0729,54,Female,Technology,IT Support,2,6,85500,No,3,81,3.9,No,2026-07
EMP0730,49,Female,Technology,Software Engineer,3,3,100000,Yes,2,51,2.5,No,2026-09
EMP0731,54,Male,Technology,Data Analyst,4,7,131000,No,3,74,2.9,No,2026-06
EMP0732,53,Non-binary,Finance,Finance Manager,1,1,51000,No,4,79,2.5,No,2026-09
EMP0733,40,Female,Technology,Software Engineer,2,1,73500,No,2,70,4.1,No,2026-01
EMP0734,34,Female,HR,HR Analyst,1,1,52000,No,2,73,4.5,No,2026-08
EMP0735,31,Non-binary,Sales,Sales Manager,4,5,124000,No,4,98,3.5,No,2026-02
EMP0736,37,Female,Sales,Account Executive,2,5,71000,Yes,3,71,3.1,Yes,2026-06
EMP0737,40,Male,Technology,Software Engineer,3,3,93000,No,3,67,3.2,No,2026-04
EMP0738,47,Female,Operations,Team Lead,2,4,71500,Yes,4,63,2.8,No,2026-05
EMP0739,45,Male,Operations,Operations Analyst,1,0,46000,No,3,66,3.7,No,2026-01
EMP0740,32,Female,Sales,Account Executive,2,0,67000,No,2,88,4.2,No,2026-05
EMP0741,45,Male,Finance,Accountant,1,3,50500,No,4,98,4.0,No,2026-03
EMP0742,58,Male,Finance,Accountant,2,4,80500,No,1,79,2.9,No,2026-11
EMP0743,42,Male,Finance,Finance Manager,2,8,94500,No,3,74,3.8,No,2026-06
EMP0744,22,Male,Technology,Data Analyst,1,2,56500,No,4,80,3.8,Yes,2026-12
EMP0745,34,Non-binary,Operations,Operations Analyst,1,1,48500,No,4,92,3.8,No,2026-02
EMP0746,33,Male,HR,Recruiter,3,5,88000,No,3,77,3.2,No,2026-12
EMP0747,24,Male,Technology,IT Support,3,4,106500,Yes,2,89,3.5,No,2026-07
EMP0748,29,Female,HR,HR Business Partner,5,9,150000,Yes,4,84,2.9,Yes,2026-05
EMP0749,30,Non-binary,Sales,Business Development,2,3,67500,No,2,78,3.7,No,2026-02
EMP0750,40,Non-binary,Operations,Operations Analyst,3,4,106000,Yes,3,56,2.0,No,2026-07
EMP0751,30,Female,Operations,Coordinator,3,8,101000,Yes,3,72,3.9,Yes,2026-04
EMP0752,56,Male,Operations,Team Lead,3,7,104000,Yes,4,81,4.5,No,2026-02
EMP0753,54,Female,Sales,Sales Manager,2,3,74500,No,3,98,4.1,No,2026-04
EMP0754,34,Male,Finance,Accountant,2,1,75000,No,4,75,3.5,No,2026-01
EMP0755,22,Non-binary,Technology,Software Engineer,1,2,55500,Yes,1,58,2.4,No,2026-05
EMP0756,53,Male,Operations,Coordinator,2,3,74500,No,3,52,2.9,No,2026-03
EMP0757,27,Non-binary,Technology,Data Analyst,2,3,78500,No,1,81,4.7,Yes,2026-09
EMP0758,55,Non-binary,Sales,Sales Manager,1,6,53500,No,4,72,2.5,No,2026-03
EMP0759,52,Female,Finance,Accountant,2,2,68500,No,4,87,2.7,No,2026-07
EMP0760,45,Non-binary,Sales,Sales Manager,1,7,48000,Yes,4,66,4.6,Yes,2026-01
EMP0761,47,Male,Sales,Business Development,2,0,73000,No,2,64,2.9,No,2026-02
EMP0762,44,Male,Technology,Software Engineer,1,0,41500,No,2,70,3.1,No,2026-02
EMP0763,53,Non-binary,Operations,Coordinator,4,6,120000,Yes,4,62,2.5,No,2026-02
EMP0764,41,Male,Operations,Operations Analyst,3,5,81000,No,1,68,5,Yes,2026-05
EMP0765,50,Male,Sales,Business Development,1,2,53000,Yes,1,42,3.7,No,2026-01
EMP0766,54,Male,Finance,Financial Analyst,1,0,55500,No,4,86,4.3,No,2026-04
EMP0767,35,Non-binary,Sales,Account Executive,3,4,90000,Yes,1,67,2.7,Yes,2026-06
EMP0768,58,Male,HR,Recruiter,2,5,70000,No,3,80,3.8,No,2026-05
EMP0769,37,Male,Technology,IT Support,2,4,70500,No,3,86,3.2,No,2026-06
EMP0770,57,Female,Technology,IT Support,3,2,90500,No,3,62,3.3,No,2026-12
EMP0771,38,Male,Sales,Business Development,3,6,102000,No,1,62,3.1,No,2026-01
EMP0772,48,Non-binary,Sales,Account Executive,2,3,74000,No,3,66,4.8,No,2026-03
EMP0773,47,Non-binary,Finance,Accountant,3,6,103500,Yes,1,59,3.5,No,2026-02
EMP0774,50,Female,Technology,Data Analyst,3,5,102500,No,3,85,3.2,No,2026-06
EMP0775,58,Male,Sales,Sales Manager,2,4,72500,No,2,66,2.9,No,2026-05
EMP0776,55,Female,Technology,Data Analyst,1,0,46000,No,3,81,4.2,No,2026-05
EMP0777,49,Female,Finance,Finance Manager,2,9,84500,No,3,75,2.5,Yes,2026-04
EMP0778,53,Female,Operations,Coordinator,3,1,95500,No,3,59,3.3,No,2026-06
EMP0779,55,Non-binary,Finance,Finance Manager,1,3,55500,No,2,48,3.7,No,2026-09
EMP0780,29,Non-binary,Operations,Operations Analyst,3,7,97500,No,1,69,2.7,No,2026-08
EMP0781,25,Male,Sales,Account Executive,3,5,91500,No,4,80,2.6,No,2026-11
EMP0782,38,Male,Operations,Operations Analyst,2,3,52500,Yes,4,64,4.3,No,2026-01
EMP0783,41,Female,HR,Recruiter,4,7,107500,No,3,83,4.5,No,2026-12
EMP0784,27,Male,Finance,Financial Analyst,3,2,89500,No,1,64,4.2,No,2026-02
EMP0785,51,Male,Technology,Data Analyst,2,2,70000,No,4,76,3.3,No,2026-09
EMP0786,57,Male,Sales,Sales Manager,2,7,81500,Yes,2,83,4.5,Yes,2026-11
EMP0787,44,Female,HR,HR Analyst,1,1,39500,No,3,94,3.2,No,2026-04
EMP0788,44,Male,Finance,Accountant,3,9,101000,No,4,98,3.8,No,2026-09
EMP0789,45,Female,Finance,Financial Analyst,2,0,78000,Yes,2,57,2.9,Yes,2026-02
EMP0790,56,Non-binary,Operations,Operations Analyst,2,2,87000,No,3,61,4.3,No,2026-09
EMP0791,24,Non-binary,Sales,Account Executive,2,4,73500,No,3,71,4.6,Yes,2026-06
EMP0792,57,Male,HR,HR Business Partner,1,5,58000,No,2,81,4.2,No,2026-09
EMP0793,27,Non-binary,Operations,Coordinator,2,4,78500,Yes,1,62,3.3,Yes,2026-03
EMP0794,51,Male,Operations,Operations Analyst,2,3,73000,No,3,90,3.6,No,2026-07
EMP0795,46,Male,Finance,Financial Analyst,1,0,62000,No,3,66,3.2,No,2026-04
EMP0796,40,Non-binary,Finance,Accountant,2,3,76500,No,3,52,3.6,No,2026-07
EMP0797,25,Male,Finance,Finance Manager,4,4,122500,No,3,78,3.3,No,2026-06
EMP0798,48,Male,Sales,Account Executive,2,5,75500,Yes,1,55,3.9,No,2026-04
EMP0799,36,Female,Finance,Financial Analyst,1,0,43500,No,4,70,3.6,Yes,2026-04
EMP0800,37,Male,Technology,IT Support,3,6,97500,No,4,98,3.2,No,2026-08
EMP0801,44,Male,Sales,Sales Manager,2,4,71500,No,2,74,3.0,No,2026-10
EMP0802,30,Male,Sales,Sales Manager,1,4,50000,No,1,71,3.4,Yes,2026-05
EMP0803,57,Male,Operations,Operations Analyst,3,7,101500,No,4,83,3.2,No,2026-09
EMP0804,39,Male,HR,HR Analyst,2,3,73500,No,4,91,3.8,No,2026-02
EMP0805,44,Female,Sales,Sales Manager,1,2,51000,No,2,87,3.0,No,2026-03
EMP0806,35,Female,HR,Recruiter,2,6,83000,Yes,1,72,4.3,No,2026-04
EMP0807,48,Female,Operations,Operations Analyst,2,3,92000,No,4,79,4.4,No,2026-07
EMP0808,28,Female,Technology,Software Engineer,3,3,103500,No,4,65,2.4,No,2026-02
EMP0809,47,Non-binary,Technology,Software Engineer,3,1,92500,No,4,81,4.0,No,2026-10
EMP0810,49,Non-binary,Sales,Sales Manager,2,6,81000,No,3,81,3.6,No,2026-04
EMP0811,23,Male,Technology,Software Engineer,2,2,89500,No,4,91,4.9,No,2026-11
EMP0812,51,Non-binary,Technology,IT Support,4,6,117000,Yes,3,88,3.9,Yes,2026-02
EMP0813,26,Female,Sales,Business Development,4,6,123000,No,4,90,4.0,No,2026-03
EMP0814,46,Female,Sales,Business Development,1,1,46000,No,4,80,3.8,No,2026-07
EMP0815,48,Male,Technology,IT Support,1,2,50000,No,1,71,4.1,No,2026-04
EMP0816,56,Female,Technology,IT Support,2,0,78500,Yes,3,60,3.9,No,2026-07
EMP0817,48,Male,Technology,Software Engineer,2,3,74000,Yes,3,63,1.9,No,2026-09
EMP0818,31,Female,Technology,Data Analyst,2,5,66500,Yes,3,59,2.0,No,2026-07
EMP0819,53,Male,Operations,Operations Analyst,3,6,105000,Yes,1,62,2.4,Yes,2026-07
EMP0820,29,Female,Technology,Software Engineer,1,4,62000,No,3,66,3.5,No,2026-07
EMP0821,49,Non-binary,Technology,Data Analyst,3,3,100500,No,2,78,2.1,No,2026-06
EMP0822,34,Non-binary,Operations,Operations Analyst,4,7,122000,No,1,62,3.8,No,2026-12
EMP0823,44,Male,Technology,IT Support,1,0,50500,No,1,59,3.4,No,2026-12
EMP0824,33,Non-binary,Sales,Business Development,2,3,65000,Yes,4,65,3.1,No,2026-12
EMP0825,39,Female,Operations,Coordinator,2,0,68500,Yes,3,70,3.9,No,2026-12
EMP0826,41,Male,Technology,Software Engineer,3,6,97000,No,3,77,4.2,No,2026-10
EMP0827,26,Male,Operations,Coordinator,3,3,114000,Yes,3,51,2.9,Yes,2026-02
EMP0828,33,Male,Finance,Accountant,2,3,67500,No,3,73,3.2,No,2026-02
EMP0829,30,Male,Technology,IT Support,2,4,81500,No,2,77,3.1,No,2026-10
EMP0830,31,Non-binary,Finance,Finance Manager,2,1,79500,Yes,3,46,3.4,No,2026-12
EMP0831,33,Female,Operations,Coordinator,3,8,98000,Yes,3,59,2.4,No,2026-05
EMP0832,30,Non-binary,Sales,Account Executive,4,2,137000,No,3,66,3.4,No,2026-01
EMP0833,49,Male,Operations,Coordinator,5,4,139000,No,3,85,4.4,No,2026-08
EMP0834,47,Female,Technology,IT Support,1,0,53000,No,3,81,3.2,No,2026-05
EMP0835,50,Male,Technology,IT Support,3,3,91500,No,3,94,3.4,No,2026-05
EMP0836,27,Female,Technology,IT Support,4,7,136000,No,3,85,4.2,No,2026-02
EMP0837,54,Female,Sales,Sales Manager,1,2,63000,Yes,3,71,2.6,No,2026-07
EMP0838,26,Male,Operations,Operations Analyst,1,5,62500,No,3,89,4.7,No,2026-02
EMP0839,45,Non-binary,Finance,Accountant,4,7,131500,No,1,65,4.3,No,2026-01
EMP0840,53,Male,Technology,Software Engineer,3,3,103000,No,1,70,4.2,No,2026-11
EMP0841,25,Male,Finance,Accountant,1,5,55000,No,3,65,3.3,No,2026-07
EMP0842,36,Male,Technology,Data Analyst,2,5,79500,No,2,61,3.6,No,2026-08
EMP0843,49,Female,Technology,IT Support,3,6,105000,Yes,3,60,2.6,No,2026-11
EMP0844,38,Male,Operations,Team Lead,3,5,95500,Yes,2,64,3.1,No,2026-08
EMP0845,43,Non-binary,Sales,Business Development,1,1,40500,No,2,68,3.2,No,2026-04
EMP0846,31,Female,Sales,Account Executive,1,3,41000,No,3,74,2.2,No,2026-03
EMP0847,57,Non-binary,HR,Recruiter,3,2,95500,No,2,73,2.7,No,2026-12
EMP0848,51,Non-binary,Sales,Sales Manager,2,0,64000,No,2,54,3.3,Yes,2026-03
EMP0849,24,Female,Sales,Sales Manager,3,4,90000,No,2,69,2.7,No,2026-07
EMP0850,33,Male,Operations,Operations Analyst,4,5,119000,No,4,83,4.4,No,2026-08
EMP0851,40,Non-binary,Operations,Team Lead,1,0,45500,No,1,54,3.3,No,2026-07
EMP0852,42,Male,Operations,Operations Analyst,3,8,106500,No,3,56,4.0,No,2026-07
EMP0853,27,Non-binary,Operations,Team Lead,3,1,93500,No,2,66,3.4,No,2026-10
EMP0854,26,Non-binary,Sales,Business Development,2,2,85500,No,1,56,3.3,Yes,2026-09
EMP0855,30,Female,Finance,Accountant,1,0,55000,No,3,67,3.8,No,2026-12
EMP0856,55,Female,Technology,IT Support,4,2,107500,Yes,2,49,4.4,No,2026-09
EMP0857,57,Female,Sales,Account Executive,5,9,146000,No,4,71,3.6,No,2026-09
EMP0858,35,Female,Operations,Operations Analyst,2,4,79500,No,3,75,4.2,No,2026-01
EMP0859,58,Non-binary,Finance,Accountant,1,1,53500,Yes,1,35,2.7,No,2026-04
EMP0860,49,Female,Technology,Data Analyst,2,6,76500,Yes,3,72,1.9,No,2026-03
EMP0861,57,Non-binary,Technology,Data Analyst,5,13,153500,No,3,54,4.3,No,2026-09
EMP0862,40,Non-binary,Technology,Software Engineer,2,3,70500,No,4,91,3.5,No,2026-01
EMP0863,46,Non-binary,Finance,Finance Manager,4,12,131500,No,3,87,4.8,No,2026-04
EMP0864,33,Male,Sales,Sales Manager,3,6,101000,No,3,71,3.5,No,2026-03
EMP0865,56,Male,Sales,Business Development,3,8,100500,Yes,3,62,2.4,No,2026-01
EMP0866,39,Non-binary,Technology,IT Support,1,4,48000,Yes,4,79,2.7,No,2026-10
EMP0867,49,Female,Operations,Team Lead,3,5,98000,Yes,2,55,3.3,No,2026-07
EMP0868,56,Male,Operations,Coordinator,3,0,105000,No,3,91,2.7,No,2026-11
EMP0869,38,Female,Technology,Data Analyst,2,4,70500,No,4,77,4.4,No,2026-08
EMP0870,31,Male,Sales,Account Executive,2,3,77500,Yes,3,68,3.0,Yes,2026-09
EMP0871,36,Male,Technology,Data Analyst,2,5,66500,No,2,54,3.0,Yes,2026-09
EMP0872,30,Male,Technology,IT Support,1,3,51000,No,4,96,3.2,Yes,2026-11
EMP0873,25,Non-binary,Finance,Finance Manager,3,5,97500,Yes,3,72,4.9,No,2026-12
EMP0874,42,Male,Sales,Sales Manager,1,0,61500,No,3,90,2.3,Yes,2026-05
EMP0875,43,Male,Operations,Coordinator,3,2,86000,No,2,66,3.3,No,2026-10
EMP0876,27,Male,Operations,Team Lead,4,4,127000,No,4,86,4.2,No,2026-06
EMP0877,33,Male,Technology,IT Support,4,7,121000,Yes,3,67,2.7,No,2026-10
EMP0878,55,Non-binary,Technology,IT Support,4,7,116000,No,3,65,4.3,No,2026-09
EMP0879,32,Non-binary,Sales,Account Executive,1,5,51000,No,1,70,3.4,No,2026-10
EMP0880,43,Non-binary,Technology,Software Engineer,3,5,97000,No,3,66,3.8,No,2026-10
EMP0881,50,Female,Finance,Accountant,3,8,97500,Yes,4,82,3.1,No,2026-02
EMP0882,46,Female,Operations,Team Lead,1,0,45000,Yes,4,77,2.9,No,2026-04
EMP0883,28,Non-binary,Operations,Operations Analyst,1,0,49000,No,3,77,3.9,No,2026-03
EMP0884,54,Non-binary,Sales,Business Development,2,0,76000,No,4,84,2.8,No,2026-07
EMP0885,23,Non-binary,Operations,Team Lead,2,0,81500,No,1,72,4.1,No,2026-11
EMP0886,53,Non-binary,Sales,Sales Manager,2,4,71000,No,4,80,3.6,No,2026-05
EMP0887,37,Non-binary,Finance,Finance Manager,1,3,55500,No,3,79,4.1,No,2026-07
EMP0888,42,Female,Technology,IT Support,1,4,49000,Yes,1,57,3.0,No,2026-09
EMP0889,35,Female,Operations,Team Lead,1,1,54000,No,2,77,3.2,No,2026-10
EMP0890,32,Non-binary,Technology,IT Support,5,11,153000,No,4,98,4.2,No,2026-05
EMP0891,42,Non-binary,Finance,Financial Analyst,2,3,72500,No,2,68,2.9,No,2026-11
EMP0892,31,Non-binary,Sales,Account Executive,1,0,45000,Yes,3,62,4.1,No,2026-08
EMP0893,40,Female,Operations,Coordinator,1,0,43000,No,3,71,3.2,No,2026-03
EMP0894,42,Non-binary,Technology,IT Support,4,5,118500,No,3,74,3.2,No,2026-09
EMP0895,47,Male,Operations,Coordinator,5,6,147000,No,3,90,3.8,No,2026-02
EMP0896,35,Female,HR,Recruiter,2,4,78500,Yes,3,59,3.5,No,2026-04
EMP0897,39,Female,Technology,Software Engineer,2,6,85000,Yes,3,63,3.5,No,2026-08
EMP0898,44,Female,Finance,Financial Analyst,2,4,74500,No,3,78,4.3,No,2026-07
EMP0899,41,Non-binary,Operations,Coordinator,3,4,99500,Yes,1,66,3.0,Yes,2026-08
EMP0900,49,Non-binary,Technology,IT Support,2,0,66000,No,3,87,3.3,No,2026-03
EMP0901,24,Male,Operations,Team Lead,1,0,49000,No,3,70,4.6,No,2026-03
EMP0902,43,Female,HR,HR Business Partner,4,11,123500,No,3,70,3.9,No,2026-10
EMP0903,30,Female,Sales,Sales Manager,3,4,90500,No,4,68,3.1,No,2026-02
EMP0904,37,Non-binary,Operations,Operations Analyst,1,6,64500,Yes,1,68,3.2,No,2026-03
EMP0905,26,Male,Sales,Sales Manager,4,5,133000,Yes,4,69,3.5,No,2026-12
EMP0906,56,Female,Finance,Accountant,1,7,58000,No,3,81,3.3,No,2026-06
EMP0907,28,Male,Sales,Sales Manager,3,8,101500,Yes,2,68,3.0,Yes,2026-01
EMP0908,25,Male,Operations,Operations Analyst,2,4,75000,No,4,67,3.5,No,2026-07
EMP0909,22,Non-binary,HR,HR Business Partner,1,2,41000,No,4,89,4.3,No,2026-12
EMP0910,30,Male,Finance,Accountant,1,2,51500,No,3,76,3.5,No,2026-07
EMP0911,35,Non-binary,Sales,Business Development,2,2,75500,No,3,83,3.8,No,2026-10
EMP0912,51,Female,Operations,Coordinator,3,5,100000,No,4,82,3.7,No,2026-04
EMP0913,33,Non-binary,Operations,Team Lead,2,2,65000,No,1,62,4.1,Yes,2026-08
EMP0914,27,Male,Operations,Coordinator,5,7,154500,Yes,2,77,4.5,No,2026-06
EMP0915,49,Female,HR,HR Business Partner,3,5,88000,No,3,80,1.9,No,2026-04
EMP0916,24,Non-binary,Sales,Sales Manager,3,2,106000,Yes,2,63,3.1,No,2026-07
EMP0917,41,Male,Technology,IT Support,5,9,155500,Yes,4,83,4.4,No,2026-03
EMP0918,47,Male,Operations,Team Lead,4,10,130500,No,3,65,3.5,No,2026-05
EMP0919,42,Male,Operations,Operations Analyst,3,5,103000,Yes,4,74,4.3,No,2026-05
EMP0920,27,Male,HR,HR Analyst,3,3,99500,No,4,92,3.9,No,2026-08
EMP0921,36,Female,Sales,Sales Manager,2,1,71000,No,1,70,3.2,No,2026-10
EMP0922,35,Female,Operations,Operations Analyst,1,0,48000,No,4,94,4.6,No,2026-04
EMP0923,47,Male,Sales,Business Development,5,12,153500,No,3,87,4.5,No,2026-02
EMP0924,40,Non-binary,Finance,Financial Analyst,2,3,68500,No,4,71,3.7,No,2026-07
EMP0925,29,Non-binary,Operations,Operations Analyst,2,4,86500,No,4,80,3.7,No,2026-03
EMP0926,52,Female,Operations,Coordinator,5,12,145500,Yes,3,87,3.4,No,2026-06
EMP0927,37,Female,Operations,Operations Analyst,3,4,92500,Yes,1,64,2.8,No,2026-10
EMP0928,50,Non-binary,Technology,IT Support,3,2,92500,No,2,86,3.9,No,2026-07
EMP0929,58,Non-binary,Operations,Team Lead,2,6,67000,No,2,67,4.4,No,2026-05
EMP0930,38,Non-binary,Finance,Accountant,3,4,89000,Yes,3,70,3.5,No,2026-08
EMP0931,44,Female,Technology,Data Analyst,3,5,91000,Yes,3,71,4.7,Yes,2026-12
EMP0932,34,Female,Finance,Accountant,4,6,116500,Yes,3,69,3.5,No,2026-10
EMP0933,37,Female,Sales,Sales Manager,1,0,49500,No,3,87,4.6,No,2026-01
EMP0934,51,Female,Sales,Business Development,2,2,78000,No,4,88,3.5,No,2026-03
EMP0935,40,Non-binary,Technology,Data Analyst,1,0,45000,No,4,61,3.7,Yes,2026-04
EMP0936,24,Non-binary,Operations,Operations Analyst,3,4,92000,No,3,92,4.3,No,2026-04
EMP0937,46,Non-binary,Sales,Account Executive,3,1,94000,No,4,85,4.0,No,2026-03
EMP0938,33,Male,Operations,Coordinator,1,4,59500,No,3,73,3.7,No,2026-08
EMP0939,34,Male,Operations,Team Lead,1,5,47500,No,1,77,4.7,No,2026-03
EMP0940,53,Female,Finance,Financial Analyst,1,5,54000,No,3,88,3.9,No,2026-04
EMP0941,32,Male,Finance,Accountant,2,4,83000,No,2,69,4.3,No,2026-04
EMP0942,24,Female,Technology,Data Analyst,2,4,76000,No,2,72,3.4,No,2026-12
EMP0943,24,Female,HR,Recruiter,3,3,99500,No,4,82,3.5,No,2026-09
EMP0944,29,Non-binary,Technology,IT Support,2,4,73000,Yes,3,54,3.2,Yes,2026-12
EMP0945,43,Female,Technology,IT Support,2,2,70000,No,3,60,2.3,No,2026-08
EMP0946,53,Male,Sales,Sales Manager,2,2,73500,No,4,71,2.3,No,2026-02
EMP0947,45,Female,Technology,Software Engineer,2,1,72000,Yes,3,67,4.1,Yes,2026-05
EMP0948,58,Male,Operations,Operations Analyst,3,2,90000,Yes,3,77,3.4,No,2026-04
EMP0949,52,Male,Operations,Team Lead,3,4,97000,Yes,4,76,4.2,No,2026-02
EMP0950,29,Male,Sales,Sales Manager,1,0,38500,Yes,2,51,3.2,No,2026-12
EMP0951,36,Non-binary,Technology,Software Engineer,2,3,67000,Yes,1,35,2.6,No,2026-04
EMP0952,47,Non-binary,Operations,Coordinator,3,8,102000,Yes,1,56,3.3,Yes,2026-07
EMP0953,56,Male,Sales,Account Executive,1,4,58500,Yes,1,65,3.5,Yes,2026-08
EMP0954,34,Female,Sales,Account Executive,2,5,84000,Yes,4,64,3.3,No,2026-04
EMP0955,56,Male,Technology,Data Analyst,5,12,148000,No,3,85,3.7,No,2026-09
EMP0956,54,Female,Operations,Operations Analyst,3,1,87500,No,3,76,3.1,No,2026-12
EMP0957,53,Non-binary,Technology,Data Analyst,1,2,45000,No,3,88,4.2,No,2026-01
EMP0958,36,Male,Finance,Accountant,3,5,103500,No,4,83,3.3,No,2026-10
EMP0959,36,Non-binary,Finance,Finance Manager,3,6,95500,No,3,64,4.0,No,2026-02
EMP0960,35,Female,Operations,Team Lead,3,5,106000,Yes,3,47,2.9,No,2026-08
EMP0961,26,Non-binary,Technology,IT Support,2,1,76500,No,2,78,3.2,No,2026-08
EMP0962,58,Non-binary,Sales,Sales Manager,2,4,76500,No,3,69,3.5,No,2026-05
EMP0963,28,Non-binary,Operations,Operations Analyst,4,4,118500,No,4,67,4.1,No,2026-10
EMP0964,38,Male,Technology,IT Support,3,1,98500,Yes,3,77,2.2,No,2026-11
EMP0965,52,Non-binary,Sales,Account Executive,3,9,100500,No,3,90,2.9,No,2026-11
EMP0966,33,Female,Technology,Software Engineer,2,3,67000,No,4,91,4.8,No,2026-10
EMP0967,34,Female,Sales,Account Executive,1,1,47000,No,3,61,3.6,No,2026-06
EMP0968,31,Female,Finance,Accountant,3,6,105000,No,3,72,3.5,No,2026-09
EMP0969,34,Non-binary,Operations,Coordinator,1,5,50000,Yes,3,85,3.3,No,2026-09
EMP0970,44,Non-binary,Finance,Finance Manager,4,7,117500,Yes,4,62,2.3,No,2026-06
EMP0971,55,Non-binary,Technology,IT Support,2,3,76000,No,1,79,3.6,No,2026-03
EMP0972,27,Male,HR,Recruiter,2,6,71500,No,1,67,4.6,No,2026-08
EMP0973,23,Female,Sales,Business Development,1,3,40000,No,1,65,3.7,No,2026-08
EMP0974,26,Male,Operations,Coordinator,5,6,139500,No,4,77,4.1,No,2026-11
EMP0975,39,Non-binary,Technology,Software Engineer,3,7,104500,No,2,68,3.2,No,2026-01
EMP0976,36,Male,Operations,Team Lead,1,1,48000,Yes,2,54,2.9,Yes,2026-05
EMP0977,40,Female,Sales,Business Development,3,7,89000,No,2,68,3.2,No,2026-12
EMP0978,31,Female,Operations,Operations Analyst,3,3,98500,No,3,65,3.2,Yes,2026-05
EMP0979,31,Non-binary,Technology,Data Analyst,3,3,98500,No,1,73,2.7,No,2026-09
EMP0980,39,Male,Sales,Business Development,5,7,148000,No,4,89,3.5,No,2026-04
EMP0981,28,Non-binary,Technology,Software Engineer,4,8,131000,Yes,3,71,2.6,No,2026-07
EMP0982,31,Male,Finance,Accountant,3,6,102500,No,3,78,3.2,No,2026-10
EMP0983,37,Female,Sales,Business Development,2,4,83000,No,1,81,3.4,Yes,2026-04
EMP0984,55,Male,Sales,Sales Manager,3,7,92500,No,1,83,3.6,No,2026-02
EMP0985,47,Non-binary,Technology,Data Analyst,1,0,56000,No,3,79,2.4,No,2026-03
EMP0986,41,Non-binary,Operations,Coordinator,3,6,99500,Yes,3,81,3.9,No,2026-03
EMP0987,36,Non-binary,Sales,Sales Manager,5,11,143000,No,3,81,4.3,No,2026-04
EMP0988,43,Female,Technology,IT Support,3,2,92000,Yes,3,62,2.2,No,2026-05
EMP0989,27,Male,Technology,Data Analyst,3,3,101500,No,4,84,4.7,No,2026-11
EMP0990,36,Male,Finance,Financial Analyst,1,0,47000,No,3,69,2.1,Yes,2026-12
EMP0991,41,Non-binary,Operations,Operations Analyst,2,4,79000,Yes,3,80,3.8,Yes,2026-12
EMP0992,26,Non-binary,Technology,Software Engineer,2,4,76500,No,3,72,3.3,No,2026-04
EMP0993,35,Female,Technology,Software Engineer,2,5,80500,Yes,1,65,4.0,No,2026-05
EMP0994,25,Non-binary,Operations,Coordinator,2,1,61000,Yes,3,72,3.8,No,2026-12
EMP0995,32,Male,HR,Recruiter,1,1,52500,No,3,67,2.8,No,2026-06
EMP0996,56,Female,Technology,Data Analyst,3,9,98000,Yes,3,64,3.8,No,2026-07
EMP0997,55,Male,Sales,Account Executive,2,2,68000,No,3,63,3.1,No,2026-03
EMP0998,31,Non-binary,Technology,IT Support,3,7,105000,No,3,60,4.2,No,2026-12
EMP0999,33,Female,Technology,Software Engineer,1,1,55500,No,2,69,1.7,Yes,2026-02
EMP1000,53,Male,Sales,Account Executive,4,6,129000,Yes,3,80,2.3,No,2026-01
EMP1001,45,Female,Operations,Team Lead,4,6,131000,No,3,79,3.2,No,2026-08
EMP1002,47,Male,Operations,Coordinator,3,3,114000,Yes,3,68,2.6,No,2026-03
EMP1003,28,Male,Sales,Business Development,3,2,93500,No,3,57,3.2,No,2026-12
EMP1004,31,Male,Sales,Account Executive,1,1,52500,No,3,87,4.3,No,2026-06
EMP1005,38,Female,Operations,Team Lead,2,4,70000,No,2,77,2.9,No,2026-06
EMP1006,26,Male,HR,HR Business Partner,5,6,145500,No,4,87,3.6,No,2026-12
EMP1007,28,Non-binary,Technology,Software Engineer,3,5,99500,No,3,69,3.8,No,2026-12
EMP1008,42,Male,Finance,Accountant,4,5,120000,No,4,89,3.4,No,2026-05
EMP1009,22,Male,Technology,Software Engineer,1,0,45500,No,4,77,3.2,No,2026-11
EMP1010,58,Female,Sales,Account Executive,3,7,102500,No,2,74,4.3,No,2026-12
EMP1011,25,Non-binary,Finance,Accountant,2,3,82000,No,3,76,3.5,No,2026-11
EMP1012,31,Male,Finance,Accountant,2,4,78500,Yes,4,82,3.1,No,2026-06
EMP1013,44,Female,Operations,Operations Analyst,1,0,41000,No,3,93,5,No,2026-02
EMP1014,24,Male,Operations,Operations Analyst,2,3,72000,No,3,71,3.0,No,2026-06
EMP1015,44,Male,Sales,Sales Manager,2,1,74000,No,2,83,4.5,No,2026-10
EMP1016,33,Non-binary,Technology,Software Engineer,2,6,80000,No,4,85,4.4,No,2026-08
EMP1017,27,Male,Operations,Operations Analyst,1,1,61000,No,4,95,4.2,No,2026-10
EMP1018,35,Female,HR,Recruiter,2,4,58000,No,3,74,3.3,No,2026-10
EMP1019,40,Male,Operations,Team Lead,4,6,118500,No,3,81,2.8,No,2026-03
EMP1020,34,Female,Technology,Data Analyst,5,8,142000,No,4,74,3.4,No,2026-12
EMP1021,46,Male,Operations,Coordinator,4,5,120500,No,4,93,3.6,No,2026-05
EMP1022,24,Female,Finance,Finance Manager,1,4,59000,No,4,77,3.4,No,2026-01
EMP1023,40,Non-binary,Operations,Coordinator,1,0,46500,Yes,3,62,3.0,No,2026-07
EMP1024,56,Non-binary,Sales,Business Development,5,6,146000,Yes,1,70,3.8,No,2026-01
EMP1025,24,Male,Sales,Business Development,3,3,101000,No,3,85,3.4,Yes,2026-08
EMP1026,29,Female,Sales,Account Executive,4,6,128000,Yes,3,60,2.5,No,2026-07
EMP1027,41,Male,Operations,Coordinator,2,7,81500,No,3,74,3.7,No,2026-03
EMP1028,33,Male,Technology,Data Analyst,2,4,84500,No,3,93,3.7,No,2026-06
EMP1029,54,Female,Technology,Data Analyst,3,6,103000,Yes,3,83,4.4,No,2026-08
EMP1030,52,Female,Technology,IT Support,4,5,126000,No,3,65,3.0,No,2026-06
EMP1031,49,Non-binary,Technology,Data Analyst,1,3,58500,No,4,62,3.6,No,2026-11
EMP1032,39,Female,Technology,Data Analyst,2,4,72500,Yes,4,72,4.6,Yes,2026-02
EMP1033,43,Female,Finance,Financial Analyst,3,2,98000,No,4,83,3.8,No,2026-08
EMP1034,46,Non-binary,Finance,Accountant,3,6,109000,No,4,84,3.4,No,2026-04
EMP1035,24,Female,Technology,IT Support,1,4,65000,No,4,80,3.1,No,2026-01
EMP1036,27,Male,Technology,Software Engineer,3,7,102500,No,4,88,3.3,No,2026-06
EMP1037,26,Male,Technology,Software Engineer,3,6,97000,No,3,60,4.1,No,2026-09
EMP1038,49,Non-binary,Technology,Software Engineer,2,4,69000,No,3,71,4.0,No,2026-11
EMP1039,53,Non-binary,Finance,Financial Analyst,1,3,51000,Yes,3,46,3.2,Yes,2026-10
EMP1040,52,Male,Finance,Financial Analyst,1,0,57000,No,2,57,3.3,No,2026-11
EMP1041,57,Non-binary,Technology,Software Engineer,3,7,105500,No,3,60,2.9,No,2026-08
EMP1042,46,Male,Operations,Operations Analyst,2,4,68000,No,3,76,2.8,No,2026-04
EMP1043,34,Female,Technology,IT Support,3,4,101500,Yes,1,71,2.9,No,2026-07
EMP1044,43,Non-binary,Operations,Coordinator,4,4,108000,No,4,92,5,No,2026-03
EMP1045,35,Female,Sales,Business Development,2,11,80500,No,3,71,3.7,No,2026-07
EMP1046,36,Female,Operations,Operations Analyst,3,7,106500,No,4,91,3.5,No,2026-01
EMP1047,46,Male,Operations,Coordinator,2,6,80500,No,3,76,3.3,No,2026-06
EMP1048,52,Female,Sales,Account Executive,2,2,74000,No,3,87,4.4,No,2026-02
EMP1049,39,Female,Technology,IT Support,1,2,60000,No,4,57,3.2,No,2026-10
EMP1050,50,Non-binary,Operations,Team Lead,4,9,126500,Yes,2,63,4.1,No,2026-07
EMP1051,52,Female,Finance,Finance Manager,2,4,83000,Yes,3,64,3.3,Yes,2026-07
EMP1052,48,Male,Sales,Account Executive,2,1,66000,No,1,61,3.9,Yes,2026-04
EMP1053,33,Female,Technology,Data Analyst,2,2,73500,No,3,61,3.4,No,2026-01
EMP1054,44,Non-binary,Technology,Software Engineer,3,7,103000,Yes,1,68,3.6,Yes,2026-06
EMP1055,33,Male,HR,HR Analyst,3,4,101500,No,3,72,3.6,No,2026-01
EMP1056,45,Female,Technology,Software Engineer,1,2,55500,No,2,67,2.8,No,2026-04
EMP1057,43,Male,Technology,Data Analyst,4,11,111000,No,4,89,4.3,No,2026-04
EMP1058,41,Non-binary,HR,Recruiter,1,4,52000,No,3,83,3.1,No,2026-11
EMP1059,48,Non-binary,Technology,Data Analyst,2,4,69000,Yes,2,70,4.1,No,2026-02
EMP1060,42,Non-binary,Technology,Data Analyst,2,5,88500,No,2,66,3.0,No,2026-10
EMP1061,29,Male,Technology,Software Engineer,2,4,73500,No,4,82,4.3,No,2026-09
EMP1062,52,Non-binary,HR,Recruiter,5,7,142000,Yes,3,65,2.1,No,2026-02
EMP1063,51,Female,Operations,Team Lead,3,3,95500,Yes,3,65,3.7,No,2026-10
EMP1064,54,Non-binary,HR,HR Business Partner,1,1,42500,No,3,83,4.4,Yes,2026-07
EMP1065,41,Non-binary,Finance,Finance Manager,2,5,61500,No,3,76,3.6,No,2026-12
EMP1066,26,Female,HR,Recruiter,2,3,75000,No,3,82,4.4,No,2026-03
EMP1067,24,Male,Operations,Team Lead,1,2,43500,Yes,3,49,3.6,No,2026-07
EMP1068,39,Male,Sales,Business Development,1,3,62500,No,1,62,2.3,No,2026-08
EMP1069,29,Female,Sales,Sales Manager,1,3,55000,Yes,4,68,3.4,No,2026-08
EMP1070,30,Female,Technology,IT Support,2,4,83500,No,4,66,2.4,Yes,2026-11
EMP1071,45,Non-binary,Finance,Finance Manager,1,1,61000,Yes,3,60,2.8,No,2026-04
EMP1072,46,Female,Finance,Finance Manager,3,4,98500,No,1,62,4.1,Yes,2026-07
EMP1073,34,Non-binary,HR,Recruiter,3,1,89500,Yes,3,66,3.4,No,2026-02
EMP1074,56,Male,HR,HR Business Partner,2,4,70000,No,4,81,3.5,No,2026-04
EMP1075,43,Non-binary,Operations,Coordinator,3,5,106500,No,4,73,3.6,No,2026-03
EMP1076,24,Non-binary,Technology,Software Engineer,1,4,49500,No,2,67,4.2,No,2026-01
EMP1077,41,Male,Sales,Business Development,2,3,75000,No,3,78,4.7,No,2026-03
EMP1078,39,Male,HR,HR Analyst,4,4,127500,No,3,77,3.1,No,2026-02
EMP1079,25,Female,Finance,Accountant,2,5,80000,No,4,57,4.5,No,2026-10
EMP1080,26,Female,Technology,Data Analyst,3,6,110500,Yes,2,59,3.3,No,2026-11
EMP1081,31,Non-binary,Operations,Coordinator,2,2,74000,No,3,76,2.2,Yes,2026-05
EMP1082,32,Female,HR,Recruiter,3,6,99000,No,4,70,3.6,No,2026-05
EMP1083,32,Male,HR,Recruiter,3,1,91000,Yes,2,89,3.6,No,2026-09
EMP1084,42,Male,Finance,Accountant,1,1,52000,No,2,76,4.3,No,2026-01
EMP1085,57,Non-binary,Sales,Account Executive,5,10,150500,Yes,1,81,3.3,Yes,2026-05
EMP1086,25,Male,Technology,IT Support,4,5,115000,No,3,70,3.5,No,2026-11
EMP1087,30,Female,Technology,Software Engineer,2,3,71000,Yes,3,68,2.9,No,2026-06
EMP1088,35,Non-binary,HR,HR Analyst,3,5,95500,No,2,73,3.4,No,2026-12
EMP1089,55,Non-binary,Sales,Account Executive,2,6,78000,Yes,4,60,2.8,No,2026-07
EMP1090,34,Non-binary,Operations,Operations Analyst,1,0,47000,Yes,3,74,4.2,No,2026-04
EMP1091,32,Male,Finance,Financial Analyst,3,4,93500,No,1,68,2.5,No,2026-11
EMP1092,49,Male,Finance,Financial Analyst,3,9,115000,No,2,80,3.1,No,2026-11
EMP1093,34,Female,HR,HR Business Partner,3,4,97000,No,1,54,2.0,No,2026-07
EMP1094,41,Female,Finance,Finance Manager,1,5,67500,No,3,73,4.0,No,2026-05
EMP1095,28,Non-binary,HR,HR Business Partner,3,4,95500,Yes,4,89,4.1,No,2026-11
EMP1096,49,Male,Technology,Data Analyst,4,5,118000,No,4,88,3.3,No,2026-06
EMP1097,48,Non-binary,Sales,Sales Manager,4,8,124000,Yes,2,49,3.2,No,2026-09
EMP1098,51,Female,Sales,Account Executive,5,11,155500,Yes,3,69,3.7,No,2026-03
EMP1099,33,Non-binary,Technology,Data Analyst,1,2,54000,Yes,2,54,3.7,No,2026-02
EMP1100,50,Male,HR,HR Business Partner,1,3,39500,No,2,83,4.1,Yes,2026-09
EMP1101,25,Male,Technology,Data Analyst,4,5,113000,Yes,2,62,3.6,No,2026-06
EMP1102,55,Male,Sales,Sales Manager,2,2,67000,No,1,55,3.6,No,2026-03
EMP1103,56,Male,HR,Recruiter,2,2,61000,No,3,83,4.2,No,2026-07
EMP1104,42,Female,Technology,Data Analyst,1,0,55000,No,4,85,3.6,No,2026-03
EMP1105,34,Female,Finance,Finance Manager,2,5,79000,Yes,3,71,4.6,No,2026-11
EMP1106,57,Non-binary,Finance,Finance Manager,3,2,84000,Yes,3,59,3.5,No,2026-08
EMP1107,41,Female,Technology,IT Support,3,3,97000,No,2,71,4.5,No,2026-05
EMP1108,26,Male,Technology,Software Engineer,1,2,54500,No,1,66,4.0,No,2026-03
EMP1109,36,Non-binary,Finance,Financial Analyst,3,5,86000,Yes,4,71,2.9,No,2026-09
EMP1110,45,Male,Operations,Team Lead,2,0,72500,No,2,71,3.5,Yes,2026-01
EMP1111,39,Non-binary,Technology,IT Support,1,0,40500,Yes,4,81,3.4,No,2026-10
EMP1112,34,Female,HR,Recruiter,2,4,78000,No,3,81,3.4,No,2026-01
EMP1113,55,Female,Operations,Operations Analyst,2,3,73500,Yes,4,66,4.4,No,2026-03
EMP1114,25,Non-binary,Sales,Account Executive,3,3,100000,No,3,85,3.5,Yes,2026-07
EMP1115,32,Non-binary,HR,HR Analyst,2,6,76500,No,3,83,2.9,No,2026-08
EMP1116,32,Male,Finance,Financial Analyst,4,9,129000,No,3,69,4.8,No,2026-04
EMP1117,37,Female,Technology,Software Engineer,2,2,64500,Yes,4,93,3.6,No,2026-03
EMP1118,41,Non-binary,Finance,Accountant,2,4,72500,No,3,64,3.4,No,2026-11
EMP1119,28,Non-binary,Finance,Accountant,3,7,103500,No,3,88,3.1,No,2026-04
EMP1120,28,Male,Technology,IT Support,2,4,72500,No,1,62,2.8,Yes,2026-07
EMP1121,38,Male,HR,HR Business Partner,1,0,61000,Yes,3,56,2.5,No,2026-04
EMP1122,54,Male,Finance,Accountant,2,2,63500,Yes,3,80,4.1,No,2026-05
EMP1123,41,Female,Technology,Software Engineer,2,4,64500,No,3,81,3.4,No,2026-01
EMP1124,22,Non-binary,Sales,Sales Manager,1,2,46500,Yes,3,77,2.2,No,2026-08
EMP1125,43,Female,HR,HR Business Partner,4,10,141500,No,4,70,4.1,No,2026-11
EMP1126,27,Non-binary,Sales,Business Development,1,2,43000,No,3,49,4.0,No,2026-06
EMP1127,50,Non-binary,Operations,Team Lead,4,5,130500,Yes,3,57,3.6,No,2026-04
EMP1128,29,Non-binary,Technology,Software Engineer,3,4,105000,Yes,4,69,2.6,No,2026-06
EMP1129,39,Male,Sales,Business Development,1,1,45500,No,3,71,2.2,Yes,2026-04
EMP1130,37,Female,Technology,Software Engineer,3,7,98000,No,1,61,4.4,No,2026-02
EMP1131,46,Male,HR,Recruiter,2,3,61500,Yes,1,42,3.0,Yes,2026-12
EMP1132,57,Female,Sales,Sales Manager,2,4,84000,No,2,82,3.1,Yes,2026-11
EMP1133,39,Male,Finance,Accountant,1,0,40000,No,2,60,3.8,No,2026-06
EMP1134,53,Male,Sales,Account Executive,4,5,121000,No,4,83,3.5,No,2026-08
EMP1135,49,Male,Technology,IT Support,1,1,43000,Yes,4,67,3.4,Yes,2026-11
EMP1136,29,Female,Finance,Finance Manager,2,4,73500,No,3,88,2.6,No,2026-08
EMP1137,55,Male,Operations,Operations Analyst,4,4,112000,No,2,89,4.4,Yes,2026-09
EMP1138,40,Female,Technology,Data Analyst,1,0,52000,No,2,61,4.3,No,2026-01
EMP1139,58,Non-binary,Operations,Coordinator,2,4,77000,No,2,61,3.8,No,2026-08
EMP1140,58,Female,Finance,Finance Manager,3,4,98500,No,2,67,2.7,No,2026-02
EMP1141,42,Female,Operations,Coordinator,4,5,125500,No,3,73,3.7,No,2026-06
EMP1142,47,Non-binary,Technology,IT Support,2,7,84500,Yes,4,45,3.0,No,2026-01
EMP1143,47,Non-binary,Finance,Financial Analyst,1,3,56500,No,2,61,2.8,No,2026-04
EMP1144,27,Male,Finance,Accountant,1,0,48500,No,4,76,3.9,No,2026-01
EMP1145,30,Female,Sales,Sales Manager,2,7,76000,Yes,4,96,3.9,No,2026-06
EMP1146,43,Female,Operations,Operations Analyst,5,9,140000,Yes,3,54,3.1,No,2026-12
EMP1147,51,Non-binary,Operations,Operations Analyst,2,0,78500,No,3,83,2.3,No,2026-01
EMP1148,25,Female,Operations,Operations Analyst,2,4,75000,No,4,82,4.7,No,2026-03
EMP1149,40,Male,Technology,IT Support,4,10,133500,Yes,2,48,2.6,No,2026-06
EMP1150,31,Male,Technology,Software Engineer,3,5,87000,No,3,66,3.4,No,2026-10
EMP1151,38,Non-binary,HR,HR Analyst,3,5,92000,Yes,4,73,2.6,No,2026-12
EMP1152,41,Non-binary,Technology,IT Support,2,2,80500,No,4,89,3.4,No,2026-05
EMP1153,27,Female,Finance,Financial Analyst,1,0,57500,No,4,53,2.7,No,2026-02
EMP1154,41,Female,Sales,Sales Manager,3,2,90000,Yes,2,66,3.9,No,2026-11
EMP1155,41,Non-binary,Sales,Sales Manager,3,4,98000,No,1,66,2.3,No,2026-11
EMP1156,54,Non-binary,HR,HR Analyst,2,0,65000,No,4,83,3.6,No,2026-07
EMP1157,31,Non-binary,HR,HR Analyst,2,7,72500,No,2,65,2.2,Yes,2026-05
EMP1158,22,Male,Sales,Account Executive,1,2,43500,Yes,4,74,3.8,No,2026-09
EMP1159,36,Female,Operations,Team Lead,1,0,51000,No,4,68,3.8,No,2026-12
EMP1160,40,Male,Technology,Data Analyst,1,3,41500,No,3,73,3.0,No,2026-08
EMP1161,54,Non-binary,Finance,Financial Analyst,5,9,151000,No,3,71,2.2,No,2026-09
EMP1162,52,Male,Technology,Software Engineer,2,1,73000,Yes,2,61,2.7,No,2026-11
EMP1163,54,Female,Operations,Team Lead,1,4,57000,No,3,75,3.5,No,2026-08
EMP1164,30,Male,Technology,Software Engineer,3,6,105500,Yes,3,59,4.0,Yes,2026-09
EMP1165,45,Female,Technology,Data Analyst,2,2,72500,Yes,3,77,4.4,Yes,2026-06
EMP1166,39,Male,HR,Recruiter,2,5,74000,No,4,77,4.8,No,2026-01
EMP1167,40,Non-binary,Operations,Coordinator,1,5,50500,Yes,4,73,3.1,No,2026-06
EMP1168,39,Female,Technology,Data Analyst,3,5,100500,No,2,87,4.9,No,2026-01
EMP1169,40,Non-binary,Operations,Coordinator,2,5,80000,Yes,1,57,3.1,Yes,2026-03
EMP1170,56,Female,Sales,Account Executive,4,5,119500,Yes,3,57,4.1,No,2026-10
EMP1171,47,Male,Technology,Software Engineer,1,2,65000,No,4,84,4.0,No,2026-09
EMP1172,36,Non-binary,Sales,Sales Manager,3,6,93500,No,3,67,3.9,No,2026-01
EMP1173,58,Male,Finance,Accountant,4,6,132000,Yes,1,68,2.9,No,2026-04
EMP1174,22,Non-binary,Technology,Software Engineer,1,0,42000,No,2,65,2.3,No,2026-12
EMP1175,58,Female,Operations,Operations Analyst,1,0,55500,No,1,65,3.0,No,2026-02
EMP1176,39,Non-binary,Operations,Team Lead,2,4,84000,Yes,4,80,4.1,No,2026-06
EMP1177,35,Female,Technology,Software Engineer,2,2,72500,Yes,3,62,3.4,No,2026-11
EMP1178,50,Male,Technology,Software Engineer,1,0,39000,No,4,66,4.1,No,2026-07
EMP1179,51,Female,Operations,Coordinator,2,3,70500,No,1,73,4.0,No,2026-02
EMP1180,25,Female,Operations,Team Lead,4,3,123500,Yes,3,65,4.0,No,2026-03
EMP1181,33,Female,Technology,IT Support,4,8,125000,No,3,85,3.8,No,2026-09
EMP1182,42,Female,Technology,Data Analyst,4,7,122000,No,2,74,3.3,No,2026-10
EMP1183,28,Non-binary,Operations,Coordinator,2,6,69500,No,3,82,3.0,No,2026-08
EMP1184,46,Female,HR,HR Business Partner,2,2,76500,No,4,90,5,Yes,2026-08
EMP1185,31,Non-binary,Sales,Business Development,1,2,53000,No,4,79,2.6,No,2026-03
EMP1186,28,Non-binary,Sales,Sales Manager,1,6,49500,No,3,71,4.0,No,2026-05
EMP1187,24,Female,Sales,Business Development,3,3,87500,Yes,4,68,3.6,No,2026-05
EMP1188,23,Male,Operations,Team Lead,1,0,40000,No,3,75,4.3,No,2026-04
EMP1189,56,Male,Sales,Account Executive,2,3,75000,No,3,77,3.3,No,2026-08
EMP1190,47,Non-binary,HR,Recruiter,3,1,82500,Yes,3,76,3.4,No,2026-07
EMP1191,43,Non-binary,Technology,IT Support,1,6,64000,Yes,3,52,3.5,No,2026-01
EMP1192,50,Female,Operations,Coordinator,1,4,53500,No,4,91,4.0,No,2026-01
EMP1193,35,Female,Operations,Coordinator,2,4,90000,Yes,2,73,3.8,No,2026-08
EMP1194,29,Male,Operations,Team Lead,2,0,82500,Yes,3,64,4.0,No,2026-08
EMP1195,51,Female,Sales,Business Development,2,1,63000,Yes,4,76,4.3,No,2026-05
EMP1196,42,Non-binary,HR,HR Analyst,4,6,121500,Yes,3,77,2.7,Yes,2026-12
EMP1197,45,Female,Technology,Data Analyst,1,4,59500,No,3,69,4.2,No,2026-05
EMP1198,45,Female,Technology,Software Engineer,4,10,137500,No,3,78,4.2,No,2026-04
EMP1199,52,Female,Technology,Software Engineer,1,0,48000,No,4,82,3.9,No,2026-09
EMP1200,25,Female,Finance,Financial Analyst,1,5,60500,No,2,79,3.8,Yes,2026-04
